qid,label,text_a,text_cut,pred
0,1,"這間酒店環境和服務態度亦算不錯,但房間空間太小~~不宣容納太大件行李~~且房間格調還可以~~ 中餐廳的廣東點心不太好吃~~要改善之~~~~但算價錢平宜~~可接受~~ 西餐廳格調都很好~~但吃的味道一般且令人等得太耐了~~要改善之~~","這間 酒店 環境 和服 務態度 亦 算 不錯 , 但 房間 空間 太小 ~ ~ 不 宣容納 太 大件 行李 ~ ~ 且 房間 格 調還 可以 ~ ~   中餐 廳 的 廣東點 心不太 好吃 ~ ~ 要 改善 之 ~ ~ ~ ~ 但算價 錢 平宜 ~ ~ 可 接受 ~ ~   西餐 廳格調 都 很 好 ~ ~ 但 吃 的 味道 一般 且 令人 等 得 太耐 了 ~ ~ 要 改善 之 ~ ~",0
11,1,20年前，在大学里读过英文原版，就被深深地打动。毕业后一直想买一本收藏，可一直没找到。前几天在网上搜索到这本书的中文版电子书，DOWN下来又读了一遍。再一次决定，要买一本收藏。没想到真在当当网上找到了。显然，这本书是不大受人关注的，书皮的一半泛着黄，看样子被半压在其他书下很久了，落了很多土。书页黄黄的，不光滑，也没有亮光，不过我很喜欢这种感觉，很有书而非画报的感觉。,20 年前 ， 在 大学 里 读过 英文原版 ， 就 被 深深地 打动 。 毕业 后 一直 想 买 一本 收藏 ， 可 一直 没 找到 。 前 几天 在 网上 搜索 到 这 本书 的 中文版 电子书 ， DOWN 下来 又 读 了 一遍 。 再 一次 决定 ， 要 买 一本 收藏 。 没想到 真 在 当当网 上 找到 了 。 显然 ， 这 本书 是 不大受 人 关注 的 ， 书皮 的 一半 泛着 黄 ， 看样子 被 半压 在 其他 书下 很 久 了 ， 落 了 很多 土 。 书页 黄黄的 ， 不 光滑 ， 也 没有 亮光 ， 不过 我 很 喜欢 这种 感觉 ， 很 有 书 而 非 画报 的 感觉 。,0
19,1,这套书非常棒，女儿一见就爱不释手，拿着西游记看得很投入，尽管识字不多，但是那一张张生动的图片足以让她把电视剧和书联系起来，有板有眼地说哪是白骨精，哪是东海龙王。送货也很快，不爽的是那个当当送货员。本来一次订了十几本书，是一个订单，他抱怨说，你怎么不两本做成一个订单，这样就是好几个订单了，象你这样十几本一个订单，我就挣不住钱，没有人愿意送云云。,这 套书 非常 棒 ， 女儿 一见 就 爱不释手 ， 拿 着 西游记 看得 很 投入 ， 尽管 识字 不 多 ， 但是 那 一张 张 生动 的 图片 足以 让 她 把 电视剧 和 书 联系 起来 ， 有板有眼 地 说 哪 是 白骨精 ， 哪是 东海龙王 。 送货 也 很快 ， 不爽 的 是 那个 当当 送货员 。 本来 一次 订 了 十几 本书 ， 是 一个 订单 ， 他 抱怨 说 ， 你 怎么 不 两本 做成 一个 订单 ， 这样 就是 好几个 订单 了 ， 象 你 这样 十几本 一个 订单 ， 我 就 挣 不住 钱 ， 没有 人 愿意 送 云云 。,0
30,1,"前台客房服务态度好！早餐也很丰富，房价够干净。再接再厉！ 中国人的酒店就是无烟房间少，或者把烟灰缸放进抽屉就是无烟处理。我们这类75%不吸烟者需要再忍受25%烟鬼吗？希望中国办的宾馆向外企学习。请多设无烟楼层。谢谢。我原先定的房价没有无烟层楼了，我就得加付20% 提升高级点的无烟层房间。 We are the 75% non-smokers, it is about time that the Hotel respect us to have the freedom of freshair, BAN the Smokers in the Check-in or Check-out counter please. Thank you. 沒有或者很少無煙房間! 電梯內不許吸煙, 還是有一些吸煙者仍然沒有服從規則! 我是不抽煙的人, 成為二手煙的受害者! (中國13億人口中,煙民只有3.2億. 不到1/4!!!)看到這條評論的煙民,請自覺好嗎?謝謝.","前台 客房 服务态度 好 ！ 早餐 也 很 丰富 ， 房价 够 干净 。 再接再厉 ！   中国 人 的 酒店 就是 无烟 房间 少 ， 或者 把 烟灰缸 放进 抽屉 就是 无烟 处理 。 我们 这类 75% 不 吸烟者 需要 再 忍受 25% 烟鬼 吗 ？ 希望 中国 办 的 宾馆 向 外企 学习 。 请多设 无烟 楼层 。 谢谢 。 我 原先 定 的 房价 没有 无烟 层楼 了 ， 我 就 得 加付 20%   提升 高级 点 的 无烟 层 房间 。   We   are   the   75%   non - smokers ,   it   is   about   time   that   the   Hotel   respect   us   to   have   the   freedom   of   freshair ,   BAN   the   Smokers   in   the   Check - in   or   Check - out   counter   please .   Thank   you .   沒有 或者 很少 無煙 房間 !   電梯 內不許 吸煙 ,   還是 有 一些 吸煙者 仍然 沒有服 從 規則 !   我 是 不 抽煙 的 人 ,   成為 二手 煙 的 受害者 !   ( 中國 13 億 人口 中 , 煙民 只有 3.2 億 .   不到 1 / 4 ! ! ! ) 看到 這條 評論 的 煙民 , 請 自覺 好 嗎 ? 謝謝 .",0
33,1,"外形还OK,用了2天了在VISTA下玩游戏还行的.发热量有时大有时小不知道为什么,不过总体上来说还不是很大,4600买的还送个大礼包.","外形 还 OK , 用 了 2 天 了 在 VISTA 下 玩游戏 还行 的 . 发热量 有时 大 有时 小 不 知道 为什么 , 不过 总体 上 来说 还 不是 很大 , 4600 买 的 还 送个 大礼包 .",0
52,1,今天又购买了一本打算送朋友~~~~没想到，我男朋友也看曾子航的书，还在他的空间转载了一篇文章，叫《三不女人最叫男人魂牵梦萦》。呵呵，开始还以为是他自己的大作，心想他什么时候变得文笔这么好了？还思考起男女问题啦？不会是开小差了吧~~~~~质问一番，原来是转载自曾博的~~嘻嘻，放心了！,今天 又 购买 了 一本 打算 送 朋友 ~ ~ ~ ~ 没想到 ， 我 男朋友 也 看 曾子航 的 书 ， 还 在 他 的 空间 转载 了 一篇 文章 ， 叫 《 三 不 女人 最 叫 男人 魂牵梦萦 》 。 呵呵 ， 开始 还 以为 是 他 自己 的 大作 ， 心想 他 什么 时候 变得 文笔 这么 好 了 ？ 还 思考 起 男女 问题 啦 ？ 不会 是 开小差 了 吧 ~ ~ ~ ~ ~ 质问 一番 ， 原来 是 转载自 曾博 的 ~ ~ 嘻嘻 ， 放心 了 ！,0
55,1,东芝做工好，就是漂亮 散热也没说的什么什么不好，就屏幕下面有点热，我开了五六个小时的机，机身也没什么热的 屏幕没亮点，可能运气好，而且也没说的那样什么灰色的之类，看起来很舒服就对啦,东芝 做工 好 ， 就是 漂亮   散热 也 没说的 什么 什么 不好 ， 就 屏幕 下面 有点 热 ， 我开 了 五六个 小时 的 机 ， 机身 也 没什么 热 的   屏幕 没 亮点 ， 可能 运气 好 ， 而且 也 没说的 那样 什么 灰色 的 之类 ， 看起来 很 舒服 就 对 啦,0
60,0,文字不多，图画很精彩，个人觉得比较适合小一点的孩子，比如一年级或学龄前小朋友看，但文字没有拼音，这又限制了小孩儿阅读。 书的质量还不错。,文字 不 多 ， 图画 很 精彩 ， 个人 觉得 比较 适合 小 一点 的 孩子 ， 比如 一年级 或 学龄前 小朋友 看 ， 但 文字 没有 拼音 ， 这 又 限制 了 小孩儿 阅读 。   书 的 质量 还 不错 。,1
68,0,说实话，这个酒店比较差，去天津时预先看了下酒店地址，富蓝特就在机场大巴终点站附近，比较近所以选择了它 可后来太失望了，房间很小不说，还是木阁楼的，吵的不得了（不排除特价房的原因），那时天气还比较凉，浴室洗澡水竟然是冷的，服务员说多要放会水，就这样放了10分钟也没见热多少。听说天津的酒店都不怎么的，我就坚持凑合在这住了两宿，后来去对面的友谊之家看了下朋友，发现那边很不错。在天津的最后一晚，选择了那边，比富蓝特便宜环境又好，房间很大，卫浴设施不错，服务也不错。 亲身经历，客观评价，希望酒店能改进。。。,说实话 ， 这个 酒店 比较 差 ， 去 天津 时 预先 看 了 下 酒店 地址 ， 富蓝特 就 在 机场 大巴 终点站 附近 ， 比较 近 所以 选择 了 它   可 后来 太 失望 了 ， 房间 很小 不说 ， 还是 木 阁楼 的 ， 吵 的 不得了 （ 不 排除 特价 房 的 原因 ） ， 那时 天气 还 比较 凉 ， 浴室 洗澡水 竟然 是 冷 的 ， 服务员 说 多 要 放会水 ， 就 这样 放 了 10 分钟 也 没见 热 多少 。 听说 天津 的 酒店 都 不怎么 的 ， 我 就 坚持 凑合 在 这 住 了 两宿 ， 后来 去 对面 的 友谊 之家 看 了 下 朋友 ， 发现 那边 很 不错 。 在 天津 的 最后 一 晚 ， 选择 了 那边 ， 比富 蓝特 便宜 环境 又 好 ， 房间 很大 ， 卫浴 设施 不错 ， 服务 也 不错 。   亲身经历 ， 客观 评价 ， 希望 酒店 能 改进 。 。 。,1
74,0,买的时候，看了评论都说不错可是买来才知道，其实也就那样我还没给孩子看呢我想，她也许不会喜欢,买 的 时候 ， 看 了 评论 都 说 不错 可是 买来 才 知道 ， 其实 也 就 那样 我 还 没 给 孩子 看 呢 我 想 ， 她 也许 不会 喜欢,1
91,1,很一般的五星级酒店， 周边的环境感觉很乱,很 一般 的 五星级 酒店 ，   周边 的 环境 感觉 很 乱,0
92,1,首先是服务很好，南方的服务水准普遍比北方高，让人宾至如归的感觉，电梯口有个小妹询问去的楼层，以为是电梯迎宾，可接着推荐去娱乐楼层，这给住客不好的印象。硬件很普通，也就三星水准。早餐很一般，携程30元也没有特别便宜。,首先 是 服务 很 好 ， 南方 的 服务 水准 普遍 比 北方 高 ， 让 人 宾至如归 的 感觉 ， 电梯 口有 个 小妹 询问 去 的 楼层 ， 以为 是 电梯 迎宾 ， 可 接着 推荐 去 娱乐 楼层 ， 这 给 住客 不好 的 印象 。 硬件 很 普通 ， 也 就 三星 水准 。 早餐 很 一般 ， 携程 30 元 也 没有 特别 便宜 。,0
97,1,买之前看过一堆评测，加之EeePC的前一代10寸本我也用过，所以看到它的电池评测后就是它了！三星NC10电池跟它有一比，可价格没得比，比它贵400块！ 使用了几天，主要躺床上看网页，看美剧，一晚上之后电池还有余量。禁用它的触摸板，配上自己买的雷柏7100无线鼠标，嘿嘿，只能用两个字形容：安逸！,买 之前 看过 一堆 评测 ， 加之 EeePC 的 前 一代 10 寸本 我 也 用 过 ， 所以 看到 它 的 电池 评测 后 就是 它 了 ！ 三星 NC10 电池 跟 它 有 一比 ， 可 价格 没得 比 ， 比 它 贵 400 块 ！   使用 了 几天 ， 主要 躺 床上 看 网页 ， 看美剧 ， 一 晚上 之后 电池 还有 余量 。 禁用 它 的 触摸板 ， 配 上 自己 买 的 雷柏 7100 无线 鼠标 ， 嘿嘿 ， 只能 用 两个 字 形容 ： 安逸 ！,0
103,1,最早认识张曼娟，是在张清芳的CD上边，作为一位写词人。细腻的文字连歌词也写得像情书，小女人的楚楚婉婉。后来才知道，张曼娟也是作家。于是，开始计划读她的书，挑了这本很奇怪的名字。《张曼娟妖物志》——写妖物，也写人——最喜欢里边的《永恒遗失│女螺》。张曼娟的文字没有讲过大道理，但是留有思考的余地。“也许错身未知；也许缄封成秘；也许不愿承认，妖物活在你心里。”,最早 认识 张曼娟 ， 是 在 张清芳 的 CD 上边 ， 作为 一位 写 词人 。 细腻 的 文字 连 歌词 也 写 得 像 情书 ， 小 女人 的 楚楚 婉婉 。 后来 才 知道 ， 张曼娟 也 是 作家 。 于是 ， 开始 计划 读 她 的 书 ， 挑 了 这本 很 奇怪 的 名字 。 《 张曼娟 妖物 志 》 — — 写 妖物 ， 也 写 人 — — 最 喜欢 里边 的 《 永恒 遗失 │ 女螺 》 。 张曼娟 的 文字 没有 讲过 大道理 ， 但是 留有 思考 的 余地 。 “ 也许 错身 未知 ； 也许 缄封 成秘 ； 也许 不愿 承认 ， 妖物 活在 你 心里 。 ”,0
107,1,"除了离机场近,没什么可说的了.应该没有5星的.","除了 离 机场 近 , 没什么 可说 的 了 . 应该 没有 5 星 的 .",0
113,1,轻巧，适合女士和商务人士使用，think的口碑在那里放着的，键盘是全尺寸的，什么人用都合适。,轻巧 ， 适合 女士 和 商务人士 使用 ， think 的 口碑 在 那里 放着 的 ， 键盘 是 全 尺寸 的 ， 什么 人用 都 合适 。,0
115,1,"首先性价比不错,收到货屏幕没有坏点,送了散热底座温度控制能平均低12度左右 ,不运行大程序发热不大,各种接口比较齐全,安装系统的时候如果不懂一点专业知识很难安装,首先开机后按照提示按F2进入BIOS,将MAIN下面模式改成IDE接口,然后将启动项目改为光驱启动,删掉预装系统后才好安装XP,基本上GHOST版的系统是安装不了的,只能用安装盘安装.","首先 性价比 不错 , 收到 货 屏幕 没有 坏点 , 送 了 散热 底座 温度控制 能 平均 低 12 度 左右   , 不 运行 大 程序 发热 不 大 , 各种 接口 比较 齐全 , 安装 系统 的 时候 如果 不 懂 一点 专业知识 很难 安装 , 首先 开机 后 按照 提示 按 F2 进入 BIOS , 将 MAIN 下面 模式 改成 IDE 接口 , 然后 将 启动 项目 改为 光驱 启动 , 删掉 预装 系统 后 才 好 安装 XP , 基本上 GHOST 版 的 系统 是 安装 不了 的 , 只能 用 安装盘 安装 .",0
118,1,这个系列的书，如《说康熙》、《说雍正》题材都很吸引我。试着在网上下载了一些《文化中国》纪老师的视频，都觉得还是看书比较过瘾。然而，不得不说出版社在校稿上不够认真，继《说康熙》中一处平三藩始末年份的错误后，本书第114页第二段中济尔哈朗与多尔衮的年纪相差了13岁，文中却说相关3岁。另外，看完这个系列的书，发现《说康熙》和《说孝庄》在内容方面重复过多。有些段落甚至一字不差，有凑字数之嫌。,这个 系列 的 书 ， 如 《 说 康熙 》 、 《 说 雍正 》 题材 都 很 吸引 我 。 试着 在 网上 下载 了 一些 《 文化 中国 》 纪 老师 的 视频 ， 都 觉得 还是 看书 比较 过瘾 。 然而 ， 不得不 说 出版社 在 校稿 上 不够 认真 ， 继 《 说 康熙 》 中 一处 平三藩 始末 年份 的 错误 后 ， 本书 第 114 页 第二段 中济尔哈朗 与 多尔衮 的 年纪 相差 了 13 岁 ， 文中 却说 相关 3 岁 。 另外 ， 看 完 这个 系列 的 书 ， 发现 《 说 康熙 》 和 《 说 孝庄 》 在 内容 方面 重复 过多 。 有些 段落 甚至 一字不差 ， 有 凑 字数 之 嫌 。,0
136,1,发现了不少错别字……也许是新换的输入法不太适应，也许是心情过于激动自我反省中……,发现 了 不少 错别字 … … 也许 是 新换 的 输入法 不太 适应 ， 也许 是 心情 过于 激动 自我 反省 中 … …,0
144,1,豪华阁的客房和普通客房差距较大，普通客房都显得比较陈旧，经常听说外国客人遇到房间免费升级，中国人倒是没有遇到过！,豪华 阁 的 客房 和 普通 客房 差距 较大 ， 普通 客房 都 显得 比较 陈旧 ， 经常 听说 外国 客人 遇到 房间 免费 升级 ， 中国 人 倒 是 没有 遇到 过 ！,0
151,1,"大年初一入住的，是西楼的海景标房，酒店比较陈旧了，房间很小，奇怪的是不开空调都热得不行。西楼是一期，东楼是二期，但西楼更靠海。海景标房都是在楼的两面，所以看海景都需要侧头的，有点累哦。但到底是老五星了，服务效率很高，送什么都很快，酒店柜台的服务生都很殷勤和礼貌。我把携程的预订单带着为了可以看飞机时刻，结果在check in时忘柜台了，当晚打到柜台让留着会去拿，结果转身就忘了。四天后要飞的那天才想起，打到柜台居然还在，大概五分钟后就有小弟给我送来了，很开心。另有一点,我们在酒店的咖啡厅用过一顿早餐，小姐很可爱，但是苦心等待等来的黑椒牛肉却咸涩异常，不晓得是当地人口味如此还是我们的运气不好。","大年初一 入住 的 ， 是 西楼 的 海景 标房 ， 酒店 比较 陈旧 了 ， 房间 很小 ， 奇怪的是 不 开 空调 都 热得 不行 。 西楼 是 一期 ， 东楼 是 二期 ， 但 西楼 更 靠海 。 海景 标房 都 是 在 楼 的 两面 ， 所以 看 海景 都 需要 侧头 的 ， 有点累 哦 。 但 到底 是 老 五星 了 ， 服务 效率 很 高 ， 送 什么 都 很快 ， 酒店 柜台 的 服务生 都 很 殷勤 和 礼貌 。 我 把 携程 的 预订单 带 着 为了 可以 看 飞机 时刻 ， 结果 在 check   in 时 忘 柜台 了 ， 当晚 打 到 柜台 让 留 着 会 去 拿 ， 结果 转身 就 忘 了 。 四天 后要 飞 的 那天 才 想起 ， 打 到 柜台 居然 还 在 ， 大概 五分钟 后 就 有 小弟 给 我 送来 了 ， 很 开心 。 另有 一点 , 我们 在 酒店 的 咖啡厅 用过 一顿 早餐 ， 小姐 很 可爱 ， 但是 苦心 等待 等 来 的 黑椒 牛肉 却 咸涩 异常 ， 不 晓得 是 当地人 口味 如此 还是 我们 的 运气 不好 。",0
167,0,房间设备比较陈旧，没五星标准 客人非常不满意,房间 设备 比较 陈旧 ， 没 五星 标准   客人 非常 不 满意,1
175,1,看完“千山”，意犹未尽。故事还没结束，这是我一看完就有的念头。我强烈要求匪大写续集，我想这不是我一个人的想法。因为“莫生”的故事还有很多想像的空间，还有很多未交待的情节，看“千山”是我泪流得最少的一本，比景年的还要少，证明这书还没到“戏肉”。所以匪大你就算不定续集，至少也写几个翻外来满足一下我们好了。,看 完 “ 千山 ” ， 意犹未尽 。 故事 还 没 结束 ， 这 是 我 一 看 完 就 有 的 念头 。 我 强烈要求 匪 大写 续集 ， 我 想 这 不是 我 一个 人 的 想法 。 因为 “ 莫生 ” 的 故事 还有 很多 想像 的 空间 ， 还有 很多 未 交待 的 情节 ， 看 “ 千山 ” 是 我 泪流 得 最少 的 一本 ， 比景年 的 还要 少 ， 证明 这书 还 没到 “ 戏肉 ” 。 所以 匪大 你 就算 不定 续集 ， 至少 也 写 几个 翻 外来 满足 一下 我们 好 了 。,0
187,1,"游泳池在装修，没有事先通知，这点很不好,否则我就不订了","游泳池 在 装修 ， 没有 事先 通知 ， 这点 很 不好 , 否则 我 就 不订 了",0
190,1,老者还知道你很好奇，知道你有疑问，他还允许你提问，然后他会用他渊博的见识，耐心地为你分析，合情合理，还不乱下结论，好像在和你互动。,老者 还 知道 你 很 好奇 ， 知道 你 有 疑问 ， 他 还 允许 你 提问 ， 然后 他会用 他 渊博 的 见识 ， 耐心 地为 你 分析 ， 合情合理 ， 还 不乱 下结论 ， 好像 在 和 你 互动 。,0
201,0,本人拿到这本书后，迫不及待地一口气看完，感觉还是蛮实用的。作者在文中提到的自制豆浆养颜，我觉得挺有道理的，上周就去店里买了一只豆浆机，每天喝上一大杯。还是几个痛经小秘方，本人已试用过了，效果还不错。呵呵，总之这本书不错。,本人 拿到 这 本书 后 ， 迫不及待 地 一口气 看 完 ， 感觉 还是 蛮 实用 的 。 作者 在 文中 提到 的 自制 豆浆 养颜 ， 我 觉得 挺 有 道理 的 ， 上周 就 去 店里 买 了 一只 豆浆机 ， 每天 喝上 一大 杯 。 还是 几个 痛经 小秘方 ， 本人 已 试用 过 了 ， 效果 还 不错 。 呵呵 ， 总之 这 本书 不错 。,1
210,1,地理位置还行，就在县城中心，出行比较方便。而且下面临河，风景也还说得过去。但因为是老酒店了，设备当然很一般。而早餐就惨不忍睹了——居然只有8样，一点不像是三星标准提供的早餐！另外，可能会要求你10点前退房，而不是12点！,地理位置 还 行 ， 就 在 县城 中心 ， 出行 比较 方便 。 而且 下面 临河 ， 风景 也 还 说得过去 。 但 因为 是 老 酒店 了 ， 设备 当然 很 一般 。 而 早餐 就 惨不忍睹 了 — — 居然 只有 8 样 ， 一点 不 像是 三星 标准 提供 的 早餐 ！ 另外 ， 可能 会 要求 你 10 点前 退房 ， 而 不是 12 点 ！,0
221,0,设计上的问题，电源、硬盘灯设计到了机器比较靠底部的地方，看起来非常不方便。,设计 上 的 问题 ， 电源 、 硬盘 灯 设计 到 了 机器 比较 靠 底部 的 地方 ， 看起来 非常 不 方便 。,1
233,0,酒店设施、环境很差，很不舒适，非常不满意！,酒店设施 、 环境 很差 ， 很 不 舒适 ， 非常 不 满意 ！,1
234,0,"服务态度相当差,我接触到的上海宾馆服务多半是这样,可能这是地域文化吧(不知道这句话算不算不文明用词) 宾馆反馈 2008年7月22日 ： 尊敬的宾客您好!对于您在酒店遇到的不快我们深表歉意,我们真诚的希望每一位顾客都能在我们酒店度过一段美好的时光,如您在酒店遇到困难可第一时间联系酒店的大堂经理,我们会及时为您排忧解难,给您一个满意的回复,期待您的再次光临!","服务态度 相当 差 , 我 接触 到 的 上海 宾馆 服务 多半 是 这样 , 可能 这是 地域 文化 吧 ( 不 知道 这句 话 算不算 不 文明 用词 )   宾馆 反馈   2008 年 7 月 22 日   ：   尊敬 的 宾客 您好 ! 对于 您 在 酒店 遇到 的 不快 我们 深表歉意 , 我们 真诚 的 希望 每 一位 顾客 都 能 在 我们 酒店 度过 一段 美好 的 时光 , 如 您 在 酒店 遇到困难 可 第一 时间 联系 酒店 的 大堂 经理 , 我们 会 及时 为 您 排忧解难 , 给 您 一个 满意 的 回复 , 期待 您 的 再次 光临 !",1
236,1,有很长时间没有在西藏大厦住了，以前去北京在这里住的较多。这次住进来发现换了液晶电视，但网络不是很好，他们自己说是收费的原因造成的。其它还好。,有 很 长时间 没有 在 西藏 大厦 住 了 ， 以前 去 北京 在 这里 住 的 较 多 。 这次 住 进来 发现 换 了 液晶电视 ， 但 网络 不是 很 好 ， 他们 自己 说 是 收费 的 原因 造成 的 。 其它 还好 。,0
238,0,这个百花出版社的版本就不像正版小说，错字别字也不少，看着都不通顺，真是郁闷！不知道原版小说是哪个，去哪里可以买到呢,这个 百花 出版社 的 版本 就 不 像 正版 小说 ， 错字 别字 也 不少 ， 看着 都 不 通顺 ， 真是 郁闷 ！ 不 知道 原版 小说 是 哪个 ， 去 哪里 可以 买到 呢,1
239,0,屏幕没有坏点和暗点，这个比较不错。配置性价比较高，目前使用已有半个月，基本正常。,屏幕 没有 坏点 和 暗点 ， 这个 比较 不错 。 配置 性价比 较 高 ， 目前 使用 已有 半个 月 ， 基本 正常 。,1
242,1,房间超大，不是一般的大。哈哈哈哈哈哈哈哈哈哈 补充点评 2008年8月11日 ： 周围吃东西的地方比较少。,房间 超大 ， 不是 一般 的 大 。 哈哈哈哈 哈哈哈 哈哈哈   补充 点评   2008 年 8 月 11 日   ：   周围 吃 东西 的 地方 比较 少 。,0
259,0,用调侃通俗的手法写明朝历史，既普及了历史，又让读者享受了阅读的快感，谢谢当年明月，太有才了！,用 调侃 通俗 的 手法 写 明朝 历史 ， 既 普及 了 历史 ， 又 让 读者 享受 了 阅读 的 快感 ， 谢谢 当年 明月 ， 太有 才 了 ！,1
266,1,住了一次，还算可以。不过携程的房间一向不好,住 了 一次 ， 还 算 可以 。 不过 携程 的 房间 一向 不好,0
267,1,"酒店设施相对4星稍显陈旧,而且上网要另外收费不合理,不过服务员是我见过最热情的了,不但跑了三楼(我坐电梯,但是电梯门坏了,她出去摆弄,门就关上了)给我开门,还进门帮我开热水,还帮我往水壶里装水,真是热情到....早餐不是自助的,10元的早餐没什么可吃的,只能是填饱肚子了,性价比一般!","酒店设施 相对 4 星 稍 显 陈旧 , 而且 上网 要 另外 收费 不合理 , 不过 服务员 是 我 见 过 最 热情 的 了 , 不但 跑 了 三楼 ( 我 坐电梯 , 但是 电梯门 坏 了 , 她 出去 摆弄 , 门 就 关上 了 ) 给 我 开门 , 还 进门 帮 我 开 热水 , 还 帮 我 往 水壶 里 装水 , 真是 热情 到 .... 早餐 不是 自助 的 , 10 元 的 早餐 没什么 可 吃 的 , 只能 是 填饱 肚子 了 , 性价比 一般 !",0
277,1,终于可以打分了，打五星吧，实在太喜欢这本书了关于彭老这本书，个人认为怎么赞美都不为过。原因有三：1.语言通俗易懂、浅显易懂，容易阅读理解2.理论深入透彻，直指中医本质。3.内容系统完整，层次分明,终于 可以 打分 了 ， 打 五星 吧 ， 实在 太 喜欢 这 本书 了 关于 彭老 这 本书 ， 个人 认为 怎么 赞美 都 不为过 。 原因 有 三 ： 1 . 语言 通俗易懂 、 浅显易懂 ， 容易 阅读 理解 2 . 理论 深入 透彻 ， 直指 中医 本质 。 3 . 内容 系统 完整 ， 层次分明,0
286,1,这个宾馆比较陈旧了，特价的房间也很一般。总体来说一般,这个 宾馆 比较 陈旧 了 ， 特价 的 房间 也 很 一般 。 总体 来说 一般,0
298,0,"之前已住过该酒店觉得还可以,但这次感觉却非常糟糕,安排入住的竟然是一间没窗的房间,由于当时比较晚又是唯一的一间房,不得不住,但到现在想起都心有余悸,如那天碰巧有火灾那我怎么办?其实一直有个疑问,为什么通过携程订的房间不是在边上就是在哪一个角?现在还有没窗的!价格问题? 宾馆反馈 2008年4月22日 ： 首先非常感谢您对酒店的评价，对于您在酒店所感觉的不适，我们深表歉意！携程一直是酒店的重要合作伙伴，对携程的客户我们一直尽量提供最优质的服务，但因酒店建筑格局原因，有三间房间为无窗格局，客人当天预订时较晚，酒店房间较紧张，只有无窗的房间安排。但前台在安排客人入住此类型房间前，均会与客人做好沟通。对于客人所提出的安全问题，此房间除无窗外其它设施设备都一样，且酒店消防系统齐全，每年都有通过消防部门的有关审核，确保客户的生命安全。再次感谢阁下的意见，期待您的再次光临！","之前 已住 过 该 酒店 觉得 还 可以 , 但 这次 感觉 却 非常 糟糕 , 安排 入住 的 竟然 是 一间 没窗 的 房间 , 由于 当时 比较 晚 又 是 唯一 的 一间 房 , 不得不 住 , 但 到 现在 想起 都 心有余悸 , 如 那天 碰巧 有 火灾 那 我 怎么办 ? 其实 一直 有个 疑问 , 为什么 通过 携程 订 的 房间 不是 在 边上 就是 在 哪 一个角 ? 现在 还有 没窗 的 ! 价格 问题 ?   宾馆 反馈   2008 年 4 月 22 日   ：   首先 非常 感谢您 对 酒店 的 评价 ， 对于 您 在 酒店 所 感觉 的 不适 ， 我们 深表歉意 ！ 携程 一直 是 酒店 的 重要 合作伙伴 ， 对 携程 的 客户 我们 一直 尽量 提供 最 优质 的 服务 ， 但 因 酒店 建筑 格局 原因 ， 有 三间 房间 为 无窗 格局 ， 客人 当天 预订 时 较晚 ， 酒店 房间 较 紧张 ， 只有 无窗 的 房间 安排 。 但 前台 在 安排 客人 入住 此 类型 房间 前 ， 均会 与 客人 做好 沟通 。 对于 客人 所 提出 的 安全 问题 ， 此 房间 除 无 窗外 其它 设施 设备 都 一样 ， 且 酒店 消防系统 齐全 ， 每年 都 有 通过 消防 部门 的 有关 审核 ， 确保 客户 的 生命安全 。 再次 感谢 阁下 的 意见 ， 期待 您 的 再次 光临 ！",1
305,0,这书也能推荐？重点几乎都在为自己说好话树立好形象以及就关于某场官司的自辩上了，有钱就是好，还能出本这样的书～,这书 也 能 推荐 ？ 重点 几乎 都 在 为 自己 说 好话 树立 好 形象 以及 就 关于 某场 官司 的 自辩 上 了 ， 有钱 就是 好 ， 还 能 出本 这样 的 书 ～,1
308,0,最近变成了四星，好像房间装修过了。餐厅也装修过了。早餐不错。呵呵，继续努力哦,最近 变成 了 四星 ， 好像 房间 装修 过 了 。 餐厅 也 装修 过 了 。 早餐 不错 。 呵呵 ， 继续 努力 哦,1
317,1,优点是众所周知的，身边很多朋友都在用，不然也不会买。但我没心思说，原因在下面。,优点 是 众所周知 的 ， 身边 很多 朋友 都 在 用 ， 不然 也 不会 买 。 但 我 没 心思 说 ， 原因 在 下面 。,0
326,1,"装修较旧,特别是地毯的材质颜色显得较脏,与四星的评级很不相称,门童很热情,赞一个","装修 较 旧 , 特别 是 地毯 的 材质 颜色 显得 较脏 , 与 四星 的 评级 很 不相称 , 门童 很 热情 , 赞 一个",0
333,0,儿子1岁半了，之前给他买过劈里啪啦书，非常不错，儿子喜欢。我也受益于当当网忠实的用户。这次看到这套书大家都说好，也买给儿子，可是儿子不喜欢，说“不好看”。原因有几个：1.画面简单，有的基本上是空白页上一行文字。2.画的也一般3.故事情节比较单一。4.纸质较薄。5.个人认为，这套书更适合1岁或者更小的宝宝读。当然也有许多优点，12本书每本一个故事，日常生活故事，可以让宝宝养成好习惯。而且对于小宝宝上面的这些缺点就是优点了。拿到书后就有些后悔给儿子买了，想转让出去呢。,儿子 1 岁 半 了 ， 之前 给 他 买 过 劈里啪啦 书 ， 非常 不错 ， 儿子 喜欢 。 我 也 受益 于 当当网 忠实 的 用户 。 这次 看到 这 套书 大家 都 说好 ， 也 买 给 儿子 ， 可是 儿子 不 喜欢 ， 说 “ 不 好看 ” 。 原因 有 几个 ： 1 . 画面 简单 ， 有 的 基本上 是 空白页 上 一行 文字 。 2 . 画 的 也 一般 3 . 故事情节 比较 单一 。 4 . 纸质 较 薄 。 5 . 个人 认为 ， 这 套书 更 适合 1 岁 或者 更 小 的 宝宝 读 。 当然 也 有 许多 优点 ， 12 本书 每本 一个 故事 ， 日常生活 故事 ， 可以 让 宝宝 养成 好 习惯 。 而且 对于 小宝宝 上面 的 这些 缺点 就是 优点 了 。 拿到 书后 就 有些 后悔 给 儿子 买 了 ， 想 转让 出去 呢 。,1
337,0,这个百花出版社的版本就不像正版小说，错字别字也不少，看着都不通顺，真是郁闷！不知道原版小说是哪个，去哪里可以买到呢,这个 百花 出版社 的 版本 就 不 像 正版 小说 ， 错字 别字 也 不少 ， 看着 都 不 通顺 ， 真是 郁闷 ！ 不 知道 原版 小说 是 哪个 ， 去 哪里 可以 买到 呢,1
339,0,经济类酒店，所以价格适中。酒店设施服务就一般了。虽然在亚龙湾，但是交通十分不方便，下次还不如住在市区。,经济 类 酒店 ， 所以 价格 适中 。 酒店设施 服务 就 一般 了 。 虽然 在 亚龙湾 ， 但是 交通 十分 不 方便 ， 下次 还 不如 住 在 市区 。,1
340,0,求医不如求己1——3 都是好书，如坚持看，并坚持做。我想效果一定很好。我建议大家，都能买，通过当当买，其他的途径比较贵。,求医 不如 求己 1 — — 3   都 是 好书 ， 如 坚持 看 ， 并 坚持 做 。 我 想 效果 一定 很 好 。 我 建议 大家 ， 都 能 买 ， 通过 当当 买 ， 其他 的 途径 比较 贵 。,1
345,0,"之前看到过铺天盖地的赞扬,自己就将信半疑的去买了，打开看,从引子就看市喜欢上它了，还有拉拉,小人物式的描写很贴近我们平常的工作和生活状态,书中的一些章节不仅具有参考意义更有学习意义!","之前 看到 过 铺天盖地 的 赞扬 , 自己 就 将 信半疑 的 去 买 了 ， 打开 看 , 从 引子 就 看市 喜欢 上 它 了 ， 还有 拉拉 , 小人物 式 的 描写 很 贴近 我们 平常 的 工作 和 生活 状态 , 书中 的 一些 章节 不仅 具有 参考 意义 更 有 学习 意义 !",1
351,1,质量很好，散热很好，3-4小时，温热。vista系统不用重新装，参考联想中的提问解答，可以屏蔽掉很多功能，提高速度，最终效果和xp开机速度差不多，2g标配+1g赠送的内存，也够用了。注意在关闭启动项的时候，侦测震动的那个功能不要关，那个是保护硬盘的。卖咖啡不要装，office试用版不要装。硬盘用第三方软件分，否则只能释放出89g。原装鼠标相当好，就是小了点。,质量 很 好 ， 散热 很 好 ， 3 - 4 小时 ， 温热 。 vista 系统 不用 重新 装 ， 参考 联想 中 的 提问 解答 ， 可以 屏蔽掉 很多 功能 ， 提高 速度 ， 最终 效果 和 xp 开机 速度 差不多 ， 2g 标配 + 1g 赠送 的 内存 ， 也 够用 了 。 注意 在 关闭 启动项 的 时候 ， 侦测 震动 的 那个 功能 不要 关 ， 那个 是 保护 硬盘 的 。 卖 咖啡 不要 装 ， office 试用版 不要 装 。 硬盘 用 第三方 软件 分 ， 否则 只能 释放 出 89g 。 原装 鼠标 相当 好 ， 就是 小 了 点 。,0
357,0,发热量大的问题没有解决，这是联想的老问题了，THINKPAD系列就没有这个问题，国产品牌还是要在细节上做的更好才有竞争力啊,发热量 大 的 问题 没有 解决 ， 这是 联想 的 老 问题 了 ， THINKPAD 系列 就 没有 这个 问题 ， 国产品牌 还是 要 在 细节 上 做 的 更好 才 有 竞争力 啊,1
360,0,被安排在电梯附近。极其吵！象住在飞机场。 补充点评 2008年6月19日 ： 早餐不错。 如果用携程的预定，不能用“优悦”卡积分。,被 安排 在 电梯 附近 。 极其 吵 ！ 象住 在 飞机场 。   补充 点评   2008 年 6 月 19 日   ：   早餐 不错 。   如果 用 携程 的 预定 ， 不能 用 “ 优悦 ” 卡 积分 。,1
362,1,买这款就是因为觉得这台的外观好看，在市场上逛了好久了，要不就是没有这款，要不就是价格不合理，在京东上下单后，两天就到货了，东西也很好,买 这款 就是 因为 觉得 这台 的 外观 好看 ， 在 市场 上 逛 了 好久 了 ， 要 不 就是 没有 这 款 ， 要 不 就是 价格 不合理 ， 在 京东 上下 单后 ， 两天 就 到货 了 ， 东西 也 很 好,0
365,0,很简单，比较适合1岁内宝宝，纸也不厚，建议这种简单的可以做小一点，方便宝宝拿取。,很 简单 ， 比较 适合 1 岁 内 宝宝 ， 纸 也 不厚 ， 建议 这种 简单 的 可以 做 小 一点 ， 方便 宝宝 拿 取 。,1
366,1,标准间面积大，但房间陈旧，有些味道。早餐人多时很混乱。,标准间 面积 大 ， 但 房间 陈旧 ， 有些 味道 。 早餐 人多时 很 混乱 。,0
368,1,酒店很好可以免费打长途，随便打都不要钱，这点比较吸引人,酒店 很 好 可以 免费打 长途 ， 随便 打 都 不要 钱 ， 这点 比较 吸引 人,0
375,1,"该酒店作为四星级算是中规中矩,服务态度和设施还说的过去.大堂的西式小点心不错,物美价廉.不满意的地方:一.居然没有停车场,只能停路边还要收费,感觉很不贴心,自驾的朋友要有心理准备.二.九江好象没有五星级酒店,第一感觉该酒店是四星的应该会比较醒目吧,如果有人这么想就完全错了,我们自驾车两次经过门口竟然没看到,不论是楼还是大堂实在是太不入流了.","该 酒店 作为 四星级 算是 中规中矩 , 服务态度 和 设施 还 说 的 过去 . 大堂 的 西式 小点心 不错 , 物美价廉 . 不 满意 的 地方 : 一 . 居然 没有 停车场 , 只能 停 路边 还要 收费 , 感觉 很 不 贴心 , 自驾 的 朋友 要 有 心理准备 . 二 . 九江 好象 没有 五星级 酒店 , 第一 感觉 该 酒店 是 四星 的 应该 会 比较 醒目 吧 , 如果 有人 这么 想 就 完全 错 了 , 我们 自驾车 两次 经过 门口 竟然 没 看到 , 不论是 楼 还是 大堂 实在 是 太 不入流 了 .",0
377,0,呵呵，看完这本书，不得不后悔，不是为了书钱，而是为了时间，说实话，除了书有几页缺角以外，我觉得这本书本身也没有什么值得一读的地方，如果谁想看的话，我可以介绍一下，简单的说，就是金钱崇拜主义。“爱情不重要，但是钱特别重要…………放弃你年轻时烂漫的想法，放弃你的幼稚……”呵呵，有些观点真是很不赞同，其中说既然你三十岁时就会很现实，那为什么不在二十几岁的时候就也很现实，天啊，那我要说，人在不同的年龄当然有不同想法，总不能要一个二十岁的人就和六十岁的人有一样的观点吧……而作者大概就是这个意思……,呵呵 ， 看 完 这 本书 ， 不得不 后悔 ， 不是 为了 书钱 ， 而是 为了 时间 ， 说实话 ， 除了 书有 几页 缺角 以外 ， 我 觉得 这 本书 本身 也 没有 什么 值得 一读 的 地方 ， 如果 谁 想 看 的话 ， 我 可以 介绍 一下 ， 简单 的 说 ， 就是 金钱 崇拜 主义 。 “ 爱情 不 重要 ， 但是 钱 特别 重要 … … … … 放弃 你 年轻 时 烂漫 的 想法 ， 放弃 你 的 幼稚 … … ” 呵呵 ， 有些 观点 真是 很 不 赞同 ， 其中 说 既然 你 三十岁 时 就 会 很 现实 ， 那 为什么 不 在 二十几岁 的 时候 就 也 很 现实 ， 天 啊 ， 那 我 要说 ， 人 在 不同 的 年龄 当然 有 不同 想法 ， 总 不能 要 一个二十岁 的 人 就 和 六十岁 的 人 有 一样 的 观点 吧 … … 而 作者 大概 就是 这个 意思 … …,1
393,1,房间比较干净，卫生间太小，转身都费劲。地理位置一半，因在胡同里，不容易找到。服务一般。,房间 比较 干净 ， 卫生间 太小 ， 转身 都 费劲 。 地理位置 一半 ， 因在 胡同 里 ， 不 容易 找到 。 服务 一般 。,0
396,1,另外，书中描写的狼人身材都异常高大，书里的雅各布比山姆和爱德华还要高大。但是第1部电影里演雅各布的演员好象只比贝拉高一点点，比爱德华矮半个头，有点失望，不知道第2部中导演将会怎样来展现巨狼的英姿，期待.......,另外 ， 书中 描写 的 狼 人 身材 都 异常 高大 ， 书里 的 雅各布 比 山姆 和 爱德华 还要 高大 。 但是 第 1 部 电影 里演 雅各布 的 演员 好象 只 比 贝拉 高 一点点 ， 比 爱德华 矮 半个 头 ， 有点 失望 ， 不 知道 第 2 部中 导演 将会 怎样 来 展现 巨狼 的 英姿 ， 期待 .......,0
400,1,1，外接光驱，开机直接按F11进光盘启动xp安装，半小时完成，换附带xp驱动光盘安装，搞定，360修漏洞。超级轻，方便携带。啥时搞特价给lp也抢一台,1 ， 外接 光驱 ， 开机 直接 按 F11 进 光盘启动 xp 安装 ， 半小时 完成 ， 换 附带 xp 驱动 光盘 安装 ， 搞定 ， 360 修 漏洞 。 超级 轻 ， 方便 携带 。 啥 时 搞 特价 给 lp 也 抢 一台,0
402,1,"对于四年级的儿子来说,读起来有点艰涩.因为每一篇,前面的铺垫都很长,而且是译本,有些读起来就有点费劲,所以我估计他会没什么兴趣.但没想到,非常喜欢看,晚上睡觉前,总要看上一会.看完以后还和我说,这个作者的文章都很有深度,写作手法也蛮特别,基本上要看到最后才能知道,发生了什么,还说以后要学学这种写法.听到他这么有想法的话,我又赶紧在当当上给他买了些书.呵呵","对于 四年级 的 儿子 来说 , 读 起来 有点 艰涩 . 因为 每 一篇 , 前面 的 铺垫 都 很长 , 而且 是 译本 , 有些 读 起来 就 有点 费劲 , 所以 我 估计 他会 没什么 兴趣 . 但 没想到 , 非常 喜欢 看 , 晚上 睡觉 前 , 总要 看 上 一会 . 看 完 以后 还 和 我 说 , 这个 作者 的 文章 都 很 有 深度 , 写作 手法 也 蛮 特别 , 基本上 要 看到 最后 才能 知道 , 发生 了 什么 , 还 说 以后 要 学学 这种 写法 . 听到 他 这么 有 想法 的话 , 我 又 赶紧 在 当当 上 给 他 买 了 些 书 . 呵呵",0
404,0,书的内容比较刻板，看的会觉得无聊适用方面应该还是可以吧， 呵呵，本人是没看完，只看了前面几篇,书 的 内容 比较 刻板 ， 看 的 会 觉得 无聊 适用 方面 应该 还是 可以 吧 ，   呵呵 ， 本人 是 没 看 完 ， 只 看 了 前面 几篇,1
421,0,买了此套书后，女儿非常喜欢，我本人也比较喜欢，经常陪着孩子一起阅读，精美的图画和生动的语言让孩子对阅读有了极大地兴趣，推荐大家都来给孩子买这套书。,买 了 此 套书 后 ， 女儿 非常 喜欢 ， 我 本人 也 比较 喜欢 ， 经常 陪 着 孩子 一起 阅读 ， 精美 的 图画 和 生动 的 语言 让 孩子 对 阅读 有 了 极大 地 兴趣 ， 推荐 大家 都 来 给 孩子 买 这 套书 。,1
429,0,书的质量很好，纸张很厚实，画面很漂亮，图画很大，但都很幼稚，不适合三年级的孩子看，（我女儿就读三年级），我女儿说不喜欢，特别是一本英语单词的书，纯粹就是单词荟萃。,书 的 质量 很 好 ， 纸张 很 厚实 ， 画面 很漂亮 ， 图画 很大 ， 但 都 很 幼稚 ， 不 适合 三年级 的 孩子 看 ， （ 我 女儿 就读 三年级 ） ， 我 女儿 说 不 喜欢 ， 特别 是 一本 英语单词 的 书 ， 纯粹 就是 单词 荟萃 。,1
437,1,第一天晚上八点下单，第二天下午3点多货物送到。xp驱动装F8vr系列的就行，官网上就有下载，我用的深度的xp系统，装上去比较顺利,第一天 晚上 八点 下单 ， 第二天 下午 3 点多 货物 送到 。 xp 驱动 装 F8vr 系列 的 就 行 ， 官 网上 就 有 下载 ， 我用 的 深度 的 xp 系统 ， 装上去 比较顺利,0
452,0,有一点儿重，但还可以接受。 速度没有想象的快，不知道是因为配置上的问题，还是因为Vista系统的缘故。准备加一个内存条再看看。,有 一点儿 重 ， 但 还 可以 接受 。   速度 没有 想象 的 快 ， 不 知道 是因为 配置 上 的 问题 ， 还是 因为 Vista 系统 的 缘故 。 准备 加 一个 内存条 再 看看 。,1
456,1,"外观可以，系统真难装,LINUX 系统根本不能装 GHOST 版本的XP 装了一晚上也没装好 而且刚买就降100","外观 可以 ， 系统 真难装 , LINUX   系统 根本 不能 装   GHOST   版本 的 XP   装 了 一 晚上 也 没装 好   而且 刚买 就 降 100",0
467,1,4499刚定的，当天下午就升了200，用起来很舒服，暂时还没有其他缺点。,4499 刚定 的 ， 当天 下午 就 升 了 200 ， 用 起来 很 舒服 ， 暂时 还 没有 其他 缺点 。,0
471,1,开无线能用5-6小时左右，八小时怎么来的？ 2799-50，当时价格比NG贵，但NG没货。,开 无线 能用 5 - 6 小时 左右 ， 八小时 怎么 来 的 ？   2799 - 50 ， 当时 价格比 NG 贵 ， 但 NG 没货 。,0
477,0,悬浮键盘~！ 真不知道设计师怎么想的 按键的下半部分 识别率很低 ~按10次 识别5次就不错了 而且 悬浮键盘 容易积灰！还有就是很厚 做工不细,悬浮 键盘 ~ ！   真不知道 设计师 怎么 想 的   按键 的 下 半 部分   识别率 很 低   ~ 按 10 次   识别 5 次 就 不错 了   而且   悬浮 键盘   容易 积灰 ！ 还有 就是 很 厚   做工 不细,1
480,0,预装要是xp就完美了。屏幕感觉不算是很完美，就是总感觉有点泛白。比如说我现在打字吧，是黑色，但是那个电脑总感觉不是那么的黑，色彩不是那么的好，但是人要是躺下来，电脑保持刚才的状态，倒是发现效果不错。,预装 要是 xp 就 完美 了 。 屏幕 感觉 不算 是 很 完美 ， 就是 总 感觉 有点 泛白 。 比如说 我 现在 打字 吧 ， 是 黑色 ， 但是 那个 电脑 总 感觉 不是 那么 的 黑 ， 色彩 不是 那么 的 好 ， 但是 人 要是 躺下来 ， 电脑 保持 刚才 的 状态 ， 倒 是 发现 效果 不错 。,1
487,0,粗看的时候觉得很多方面说的不错，但是仔细做下来，就觉得一些东东也是作者东拼西凑过来，扣来就很少翻了。,粗看 的 时候 觉得 很多 方面 说 的 不错 ， 但是 仔细 做 下来 ， 就 觉得 一些 东东 也 是 作者 东拼西凑 过来 ， 扣来 就 很少 翻 了 。,1
502,1,7月23日-26日住了三晚，338的大床房，床是2米*2米的，超爽，其它房间内设施一般，稍微陈旧了一点，不过影响不大，跟破旧还差得远！整体感觉这个价位还基本可以，不过要是跟酒店四星的牌子比，最多也就是三星标准而已！ 有一个问题请酒店方注意，不知道我这个是个案还是普遍现象——房间里的电话竟然不能用，连市话都要收费，而且还要交押金后才开通，这点来讲是我在酒店里头一次遇见，确实有点夸张。既然开通，干脆把电话撤了算了，免得看着碍眼。 宾馆反馈 2008年8月11日 ： 感谢您选择入住我们宾馆及为我们提出的宝贵意见。对您提出的意见我们也将及时做出整改。我们已向领导反映领导也及时做出批示，以后入住商务房型的客人市内电话一律免费。希望您下次还能选择入住我们宾馆，再给我们提出更多宝贵的意见，只有这样我们宾馆才会不断提升。最后，再次感谢您！,7 月 23 日 - 26 日住 了 三晚 ， 338 的 大床 房 ， 床 是 2 米 * 2 米 的 ， 超爽 ， 其它 房间内 设施 一般 ， 稍微 陈旧 了 一点 ， 不过 影响 不 大 ， 跟 破旧 还 差得远 ！ 整体 感觉 这个 价位 还 基本 可以 ， 不过 要是 跟 酒店 四星 的 牌子 比 ， 最多 也 就是 三星 标准 而已 ！   有 一个 问题 请 酒店 方 注意 ， 不 知道 我 这个 是 个案 还是 普遍现象 — — 房间 里 的 电话 竟然 不能 用 ， 连 市话 都 要 收费 ， 而且 还要 交 押金 后 才 开通 ， 这点 来讲 是 我 在 酒店 里头 一次 遇见 ， 确实 有点 夸张 。 既然 开通 ， 干脆 把 电话 撤 了 算了 ， 免得 看着 碍眼 。   宾馆 反馈   2008 年 8 月 11 日   ：   感谢您 选择 入住 我们 宾馆 及 为 我们 提出 的 宝贵意见 。 对 您 提出 的 意见 我们 也 将 及时 做出 整改 。 我们 已 向 领导 反映 领导 也 及时 做出 批示 ， 以后 入住 商务 房型 的 客人 市内电话 一律 免费 。 希望 您 下次 还 能 选择 入住 我们 宾馆 ， 再 给 我们 提出 更 多 宝贵 的 意见 ， 只有 这样 我们 宾馆 才 会 不断 提升 。 最后 ， 再次 感谢您 ！,0
514,0,原本以为是写一些关于心里问题的解答，谁知道只是关于感情的故事。真的有种被骗的感觉，被作者蒙骗了。,原本 以为 是 写 一些 关于 心里 问题 的 解答 ， 谁 知道 只是 关于 感情 的 故事 。 真的 有种 被 骗 的 感觉 ， 被 作者 蒙骗 了 。,1
521,1,商务机应有的稳定，声音较轻（具体有待日后使用中检验） 联想的售后服务非常好，电话客服非常耐心周到。,商务 机 应有 的 稳定 ， 声音 较 轻 （ 具体 有待 日后 使用 中 检验 ）   联想 的 售后服务 非常 好 ， 电话 客服 非常 耐心 周到 。,0
528,0,"房间还比较干净,交通方便,离外滩很近.但外面声音太大,休息不好","房间 还 比较 干净 , 交通 方便 , 离 外滩 很近 . 但 外面 声音 太 大 , 休息 不好",1
542,1,便宜，便宜没好货。唉 蕊片太次了，不散热，开机不到几分钟，就有吵音 只有3个USB,便宜 ， 便宜 没好 货 。 唉   蕊 片太次 了 ， 不 散热 ， 开机 不到 几分钟 ， 就 有 吵音   只有 3 个 USB,0
555,1,做工什么的还可以 本人自己有USB光驱，装系统挺方便，自带XP驱动光盘,做工 什么 的 还 可以   本人 自己 有 USB 光驱 ， 装 系统 挺 方便 ， 自带 XP 驱动 光盘,0
559,1,加了一条内存，用起来没问题，装了xp系统，装了pro/e话三维图，很好很强大,加 了 一条 内存 ， 用 起来 没 问题 ， 装 了 xp 系统 ， 装 了 pro / e 话 三维图 ， 很 好 很 强大,0
566,0,不论是作为小说，还是职场教科书，写的很精彩；不论是任职外企、国企，还是公务员，都值得学习、参考；男人也可以读读，定有收获,不论是 作为 小说 ， 还是 职场 教科书 ， 写 的 很 精彩 ； 不论是 任职 外企 、 国企 ， 还是 公务员 ， 都 值得 学习 、 参考 ； 男人 也 可以 读读 ， 定 有 收获,1
580,0,"硬件设施太旧,和房价不相符,价格还是贵了 补充点评 2008年7月29日 ： 大床房的床太小,两人睡感觉不舒服","硬件 设施 太旧 , 和 房价 不 相符 , 价格 还是 贵 了   补充 点评   2008 年 7 月 29 日   ：   大床 房 的 床 太小 , 两人 睡 感觉 不 舒服",1
584,1,这两天又看了几十页，结果很多语言开始令人蒙查查了，不知原版怎样表述的，但翻译的确实很蹩脚，比如精子，非要翻译成精虫。在网上查原著，却查不到，先只好看此版了。等看完再做进一步评论。,这 两天 又 看 了 几十页 ， 结果 很多 语言 开始 令人 蒙 查查 了 ， 不知 原版 怎样 表述 的 ， 但 翻译 的 确实 很 蹩脚 ， 比如 精子 ， 非 要 翻译成 精虫 。 在 网上 查 原著 ， 却 查不到 ， 先 只好 看此 版 了 。 等 看 完 再 做 进一步 评论 。,0
588,1,暂时没有问题。分区最好用diskgen分了，再重新建立MBR.直接删除分区会出现grub的提示。这个linux真的不好呀......,暂时 没有 问题 。 分区 最好 用 diskgen 分 了 ， 再 重新 建立 MBR . 直接 删除 分区 会 出现 grub 的 提示 。 这个 linux 真的 不好 呀 ......,0
596,0,就是装XP系统麻烦了些，不过还好DELL的售后服务相当不错，一一耐心解答。,就是 装 XP 系统 麻烦 了 些 ， 不过 还好 DELL 的 售后服务 相当 不错 ， 一一 耐心 解答 。,1
600,1,"去之前在携城上预定的是豪华行政单间，打完折是380元， 到了那里接机服务还算不错，蛮准时的。司机也应我要求先把我送到另外一个我要去的地方，而不是直接去酒店check in。他们同时也帮我做了房间预留。办完事16：00点我进的酒店。进了房间以后发现房间很小根本没有网上说的25cm2, 大家可以看我贴上去的照片，床是一面贴着墙的。因为这与我预定的信息不符, 于是打电话去前台询问，前台竟然说我定的是三星标准的豪华行政单间，现在给我的是五星标准的单人间，还讽刺地说“如果你对面积有一味的追求可以帮你换回来。”态度很不客气。就算你房价是一样的，在给客人换房之前至少也应该打个招呼吧，这是最起码的尊重。何况他们所谓的五星根本不符合五星标准。房间小就不说了，洗浴品只有洗发水，没有浴袍，茶水篮里仅有一包绿茶。卫星频道大概5个吧。 如果大家要去连云港，我建议大家住明珠万豪，虽然离市区稍微远一点，但是服务和环境设施要好的多。服务员也很亲切，符合他们对外挂牌的准五星水平。虽然加上明珠香榭（没住过），3家明珠同属一个老板。但感觉真的差很多。","去 之前 在 携城 上 预定 的 是 豪华 行政 单间 ， 打 完折 是 380 元 ，   到 了 那里 接机 服务 还 算 不错 ， 蛮 准时 的 。 司机 也 应 我 要求 先 把 我 送到 另外 一个 我要 去 的 地方 ， 而 不是 直接 去 酒店 check   in 。 他们 同时 也 帮 我 做 了 房间 预留 。 办完 事 16 ： 00 点 我 进 的 酒店 。 进 了 房间 以后 发现 房间 很小 根本 没有 网上 说 的 25cm2 ,   大家 可以 看 我 贴上去 的 照片 ， 床 是 一面 贴着 墙 的 。 因为 这 与 我 预定 的 信息 不符 ,   于是 打电话 去 前台 询问 ， 前台 竟然 说 我定 的 是 三星 标准 的 豪华 行政 单间 ， 现在 给 我 的 是 五星 标准 的 单人间 ， 还 讽刺 地说 “ 如果 你 对 面积 有 一味 的 追求 可以 帮 你 换回来 。 ” 态度 很 不 客气 。 就算 你 房价 是 一样 的 ， 在 给 客人 换房 之前 至少 也 应该 打个招呼 吧 ， 这是 最起码 的 尊重 。 何况 他们 所谓 的 五星 根本 不 符合 五星 标准 。 房间 小 就 不 说 了 ， 洗浴 品 只有 洗发水 ， 没有 浴袍 ， 茶水 篮里 仅 有 一包 绿茶 。 卫星频道 大概 5 个 吧 。   如果 大家 要 去 连云港 ， 我 建议 大家 住 明珠 万豪 ， 虽然 离 市区 稍微 远 一点 ， 但是 服务 和 环境 设施 要 好 的 多 。 服务员 也 很 亲切 ， 符合 他们 对外 挂牌 的 准 五星 水平 。 虽然 加上 明珠 香榭 （ 没住 过 ） ， 3 家 明珠 同属 一个 老板 。 但 感觉 真的 差 很多 。",0
601,1,"从地段,星级,价格,环境和设施考虑,此酒店相当不错.如果没有其他因素,下次还会再住.为使贵酒店良性发展,特提醒几点:1.酒点总台服务小姐不够专业,没有职业笑容.2.房间(1117)水龙头和下水出问题,有人报修和管理吗?这牵涉到资源,成本,信誉和服务.3.空调整夜发出流水的噪声(分贝可能不小于50),可能会影响许多客人的休息.希望下次来住时得到改观.","从 地段 , 星级 , 价格 , 环境 和 设施 考虑 , 此 酒店 相当 不错 . 如果 没有 其他 因素 , 下次 还会 再 住 . 为 使贵 酒店 良性 发展 , 特 提醒 几点 : 1 . 酒点 总台 服务 小姐 不够 专业 , 没有 职业 笑容 . 2 . 房间 ( 1117 ) 水龙头 和 下水 出 问题 , 有人 报修 和 管理 吗 ? 这 牵涉到 资源 , 成本 , 信誉 和 服务 . 3 . 空调 整夜 发出 流水 的 噪声 ( 分贝 可能 不 小于 50 ) , 可能 会 影响 许多 客人 的 休息 . 希望 下次 来 住 时 得到 改观 .",0
606,1,已经去过一次了，这次也是从携程订的房间，但是好像跟前台沟通的不好，到了居然找不到我们的名字，奇怪,已经 去过 一次 了 ， 这次 也 是从 携程 订 的 房间 ， 但是 好像 跟前 台 沟通 的 不好 ， 到 了 居然 找 不到 我们 的 名字 ， 奇怪,0
616,1,房间太小了，而且我自己用格林豪泰的会员卡定的房间比携程定的房间好，他是五楼的最后一间房，好像是522吧，房间很大，而且床也超大的，比1米8的大多了，希望携程以后可以提供这样的房间,房间 太小 了 ， 而且 我 自己 用 格林豪 泰 的 会员卡 定 的 房间 比 携程 定 的 房间 好 ， 他 是 五楼 的 最后 一间 房 ， 好像 是 522 吧 ， 房间 很大 ， 而且 床 也 超大 的 ， 比 1 米 8 的 大多 了 ， 希望 携程 以后 可以 提供 这样 的 房间,0
622,0,当初就是因为儿子喜欢汽车，加上这本书好评如潮，所以才决定买的。可是买来一个月了，他只翻了一次，就再也不肯看了。我本来以为这套书算是白买了，可最近儿子突然迷上了它，每天都要看两三遍，中午睡觉前和晚上睡觉前，都要看上一小会儿，成了必修课了。当然最爱看的就是《轱辘轱辘转》，他已经不满足我的讲述了，自己一边看着一边用小手指指点点地，一边说着“撞车了”，“轮子破了”，?大嘴巴垃圾车?......等等，那小模样可认真了。这套书成了我们家的图书宝贝。上次只评了两颗星，没办法改了，只好在这里给它一个大大的五星吧！另外我个人建议一下：有小男孩的家庭，年龄在2岁以上，就可以买给孩子看了，尤其是喜欢汽车的男孩子，买它就对了。,当初 就是 因为 儿子 喜欢 汽车 ， 加上 这 本书 好评 如潮 ， 所以 才 决定 买 的 。 可是 买来 一个月 了 ， 他 只 翻 了 一次 ， 就 再也 不肯 看 了 。 我 本来 以为 这 套书 算是 白买 了 ， 可 最近 儿子 突然 迷上 了 它 ， 每天 都 要 看 两三遍 ， 中午 睡觉 前 和 晚上 睡觉 前 ， 都 要 看 上 一小 会儿 ， 成 了 必修课 了 。 当然 最 爱看 的 就是 《 轱辘 轱辘 转 》 ， 他 已经 不 满足 我 的 讲述 了 ， 自己 一边 看着 一边 用 小手 指指点点 地 ， 一边 说 着 “ 撞车 了 ” ， “ 轮子 破 了 ” ， ? 大嘴巴 垃圾车 ? ...... 等等 ， 那小 模样 可 认真 了 。 这 套书 成 了 我们 家 的 图书 宝贝 。 上次 只评 了 两颗 星 ， 没 办法 改了 ， 只好 在 这里 给 它 一个 大大的 五星 吧 ！ 另外 我 个人 建议 一下 ： 有 小男孩 的 家庭 ， 年龄 在 2 岁 以上 ， 就 可以 买 给 孩子 看 了 ， 尤其 是 喜欢 汽车 的 男孩子 ， 买 它 就 对 了 。,1
625,1,完美支持XP，不敢买HP和ACER就是怕不能装XP，这台终于没让我失望，BIOS里ACHI选择IDE就可以了，所有XP驱动在联想网站输入产品编号都能下载到，4999价格也比较合理，屏幕不错，散热一般，用一段时间，触摸板就发热了，外接鼠标如果需要禁用掉触摸板，需要先装个老版的，选择“当存在USB定点装置时禁用TOUCHPAD”，然后再装新版的才行，直接装新版，没有这个选项！,完美 支持 XP ， 不敢 买 HP 和 ACER 就是 怕 不能 装 XP ， 这台 终于 没 让 我 失望 ， BIOS 里 ACHI 选择 IDE 就 可以 了 ， 所有 XP 驱动 在 联想 网站 输入 产品编号 都 能 下载 到 ， 4999 价格 也 比较 合理 ， 屏幕 不错 ， 散热 一般 ， 用 一段时间 ， 触摸板 就 发热 了 ， 外接 鼠标 如果 需要 禁用 掉 触摸板 ， 需要 先装个 老版 的 ， 选择 “ 当 存在 USB 定点 装置 时 禁用 TOUCHPAD ” ， 然后 再装 新版 的 才 行 ， 直接 装 新版 ， 没有 这个 选项 ！,0
631,1,首先我要点评一下玄武饭店6楼的房间，实在是太差了，最多只有3星级的标准；8楼以上的房间明显是重新装修过的，要好很多；我们入住的时候一下子要了6间房间，前台有位大堂副理为我们升级到豪华房，都在12楼以上的，房间就要大很多，服务态度还不错；但是令我非常愤怒的是，酒店居然不允许我从带外卖回房间吃，真是太太太可恶了，在我据理力争下，居然还有人拿着什么酒店的管理规定给我看，难道酒店的规定不让吃饭？他们让我要么出去外面吃饭，在房间吃，只能在酒店点，这样的霸王条款，我怎么能接受，我在大堂与他们几个貌似高管的人纠缠了10多分钟，他们在一楼的餐厅给我们找了个包房让我们把外卖回来的饭在里面吃，还提醒我们不要弄脏了桌布。如果不是因为这一出的话，我想我还是蛮喜欢这个酒店。但是确实因为这个，太令我失望了！,首先 我要 点评 一下 玄武 饭店 6 楼 的 房间 ， 实在 是 太差 了 ， 最 多 只有 3 星级 的 标准 ； 8 楼 以上 的 房间 明显 是 重新 装修 过 的 ， 要 好 很多 ； 我们 入住 的 时候 一下子 要 了 6 间 房间 ， 前台 有位 大堂 副 理为 我们 升级 到 豪华 房 ， 都 在 12 楼 以上 的 ， 房间 就要 大 很多 ， 服务态度 还 不错 ； 但是 令 我 非常 愤怒 的 是 ， 酒店 居然 不 允许 我 从 带 外卖 回 房间 吃 ， 真是太 太太 可恶 了 ， 在 我 据理力争 下 ， 居然 还有 人 拿 着 什么 酒店 的 管理 规定 给 我 看 ， 难道 酒店 的 规定 不让 吃饭 ？ 他们 让 我 要么 出去 外面 吃饭 ， 在 房间 吃 ， 只能 在 酒店 点 ， 这样 的 霸王 条款 ， 我 怎么 能 接受 ， 我 在 大堂 与 他们 几个 貌似 高管 的 人 纠缠 了 10 多分钟 ， 他们 在 一楼 的 餐厅 给 我们 找 了 个 包房 让 我们 把 外卖 回来 的 饭 在 里面 吃 ， 还 提醒 我们 不要 弄脏了 桌布 。 如果 不是 因为 这 一出 的话 ， 我 想 我 还是 蛮 喜欢 这个 酒店 。 但是 确实 因为 这个 ， 太令 我 失望 了 ！,0
634,1,我很喜欢这本书的封面设计，看上去就有一种西藏文化的神秘感与沧桑感。内容看上去有些晦涩，全书都有关于性爱的描写，不同的人、不同的时间、不同的地点都有，啥子事从这种经历开始聪明的转变，看一遍可能无法理解作者究竟要说些什么，我还是对一些内容不是很了解，可能与对西藏文化的不了解有关系。书中还间接的有些西藏与中原关系的历史，也许就是这种历史关系，才导致今天达赖与政府关系的对立把！总之复杂！,我 很 喜欢 这 本书 的 封面设计 ， 看上去 就 有 一种 西藏 文化 的 神秘感 与 沧桑感 。 内容 看上去 有些 晦涩 ， 全书 都 有 关于 性爱 的 描写 ， 不同 的 人 、 不同 的 时间 、 不同 的 地点 都 有 ， 啥子 事 从 这种 经历 开始 聪明 的 转变 ， 看一遍 可能 无法 理解 作者 究竟 要说 些 什么 ， 我 还是 对 一些 内容 不是 很 了解 ， 可能 与 对 西藏 文化 的 不 了解 有 关系 。 书中 还 间接 的 有些 西藏 与 中原 关系 的 历史 ， 也许 就是 这种 历史 关系 ， 才 导致 今天 达赖 与 政府 关系 的 对立 把 ！ 总之 复杂 ！,0
642,0,房间很小，洗手间不干净，我住的标间，浴缸里面脏死了，我都不敢站，而且下水的速度好慢啊，不过地处北京丰台区，做公车20分钟就可以到前门，服务员的态度还是很好的。但相比如家、锦江之星，这里真不像是连锁的，就是一个旅馆。,房间 很小 ， 洗手间 不 干净 ， 我 住 的 标间 ， 浴缸 里面 脏死 了 ， 我 都 不敢 站 ， 而且 下水 的 速度 好慢 啊 ， 不过 地处 北京 丰台区 ， 做 公车 20 分钟 就 可以 到 前门 ， 服务员 的 态度 还是 很 好 的 。 但 相比 如 家 、 锦江 之星 ， 这里 真 不 像是 连锁 的 ， 就是 一个 旅馆 。,1
648,1,我是自己开车去的酒店，这个酒店如果是晚上入住根本看不到酒店入口处，我费尽周折边打电话咨询酒店边让车上的人仔细辨认，结果还是绕错很多地方好不容易才开到酒店大门口，那天正好下小雨，门口保安只有一人跑来，我在酒店门口依然看不到车库入口，要求保安带路，于是他安排一个管理车库的工人引路，那工人带我们到车库后一听说我们是入住客人不能向他交停车费，他立刻一溜烟不见人影，害得我们找电梯口回酒店找了半天！！！这种情况也许以前很难体现出来也许平时也不觉得怎样过分，但这几件事集中起来就反映了该酒店的管理薄弱的一方面，最重要的是我觉得作为一个好评如潮的酒店更不应该了！当然事后当晚值班经理的及时道歉和升级房间等等补偿行为也体现了该酒店管理层对客人的重视，体现了酒店有错及时改进的诚恳态度！而且第二天还通过携程要向我电话道歉！我也确实感到该酒店能有如此态度很难能可贵了！本来我不想点评此次事情，但后来觉得也不妨通过我的客观褒贬让大家看到该酒店的真实品质！也许我下次还会考虑入住该酒店，只是仍然希望酒店今后多积极发现不足，免得以后入住该酒店的客人那么麻烦同时也影响自己的声誉！,我 是 自己 开车 去 的 酒店 ， 这个 酒店 如果 是 晚上 入住 根本 看不到 酒店 入口处 ， 我 费尽周折 边 打电话 咨询 酒店 边 让 车上 的 人 仔细 辨认 ， 结果 还是 绕错 很多 地方 好不容易 才 开到 酒店 大门口 ， 那天 正好 下 小雨 ， 门口 保安 只有 一人 跑 来 ， 我 在 酒店 门口 依然 看不到 车库 入口 ， 要求 保安 带路 ， 于是 他 安排 一个 管理 车库 的 工人 引路 ， 那 工人 带 我们 到 车库 后 一 听说 我们 是 入住 客人 不能 向 他 交 停车费 ， 他 立刻 一溜烟 不见 人影 ， 害 得 我们 找 电梯 口回 酒店 找 了 半天 ！ ！ ！ 这种 情况 也许 以前 很难 体现 出来 也许 平时 也 不 觉得 怎样 过分 ， 但 这 几件事 集中 起来 就 反映 了 该 酒店 的 管理 薄弱 的 一方面 ， 最 重要 的 是 我 觉得 作为 一个 好评 如潮 的 酒店 更 不 应该 了 ！ 当然 事后 当晚 值班 经理 的 及时 道歉 和 升级 房间 等等 补偿 行为 也 体现 了 该 酒店 管理层 对 客人 的 重视 ， 体现 了 酒店 有 错 及时 改进 的 诚恳 态度 ！ 而且 第二天 还 通过 携程 要 向 我 电话 道歉 ！ 我 也 确实 感到 该 酒店 能 有 如此 态度 很 难能可贵 了 ！ 本来 我 不想 点评 此次 事情 ， 但 后来 觉得 也 不妨 通过 我 的 客观 褒贬 让 大家 看到 该 酒店 的 真实 品质 ！ 也许 我 下次 还会 考虑 入住 该 酒店 ， 只是 仍然 希望 酒店 今后 多 积极 发现 不足 ， 免得 以后 入住 该 酒店 的 客人 那么 麻烦 同时 也 影响 自己 的 声誉 ！,0
649,1,漂亮和稳定是这款本本的最大优点.系统很好装的，手边找个GHOST的XP盘一次性装完，官网驱动很全，全部下载后上掉，一点问题没有,漂亮 和 稳定 是 这款 本本 的 最大 优点 . 系统 很 好 装 的 ， 手边 找个 GHOST 的 XP 盘 一次性 装完 ， 官网 驱动 很全 ， 全部 下载 后 上 掉 ， 一点 问题 没有,0
654,0,呵呵，看完这本书，不得不后悔，不是为了书钱，而是为了时间，说实话，除了书有几页缺角以外，我觉得这本书本身也没有什么值得一读的地方，如果谁想看的话，我可以介绍一下，简单的说，就是金钱崇拜主义。“爱情不重要，但是钱特别重要…………放弃你年轻时烂漫的想法，放弃你的幼稚……”呵呵，有些观点真是很不赞同，其中说既然你三十岁时就会很现实，那为什么不在二十几岁的时候就也很现实，天啊，那我要说，人在不同的年龄当然有不同想法，总不能要一个二十岁的人就和六十岁的人有一样的观点吧……而作者大概就是这个意思……,呵呵 ， 看 完 这 本书 ， 不得不 后悔 ， 不是 为了 书钱 ， 而是 为了 时间 ， 说实话 ， 除了 书有 几页 缺角 以外 ， 我 觉得 这 本书 本身 也 没有 什么 值得 一读 的 地方 ， 如果 谁 想 看 的话 ， 我 可以 介绍 一下 ， 简单 的 说 ， 就是 金钱 崇拜 主义 。 “ 爱情 不 重要 ， 但是 钱 特别 重要 … … … … 放弃 你 年轻 时 烂漫 的 想法 ， 放弃 你 的 幼稚 … … ” 呵呵 ， 有些 观点 真是 很 不 赞同 ， 其中 说 既然 你 三十岁 时 就 会 很 现实 ， 那 为什么 不 在 二十几岁 的 时候 就 也 很 现实 ， 天 啊 ， 那 我 要说 ， 人 在 不同 的 年龄 当然 有 不同 想法 ， 总 不能 要 一个二十岁 的 人 就 和 六十岁 的 人 有 一样 的 观点 吧 … … 而 作者 大概 就是 这个 意思 … …,1
666,1,地角-虽然打车去哪都不贵 但是前不着村后不着店 步行太冷了 不过早上吃饭还是很方便 客房很烂 ~ 似乎是后改造的 跟北京的洲际 没法比 人家那个是闪闪发亮 这个是暗淡无光 还很阴冷~ 安排的朝北的房子 朋友先洗澡 结果说淋浴的下水道堵了 里面全是头发 恶心无比 地砖也是脏渍斑驳的 里面配套的毛巾什么的根本就不全 浴巾和浴袍各只有一条 我宁愿加点钱 住别家 真不知道5星是怎么得来的,地角 - 虽然 打车 去 哪 都 不贵   但是 前 不 着 村 后不着店   步行 太冷 了   不过 早上 吃饭 还是 很 方便   客房 很烂   ~   似乎 是 后 改造 的   跟 北京 的 洲际   没法 比   人家 那个 是 闪闪发亮   这个 是 暗淡无光   还 很 阴冷 ~   安排 的 朝北 的 房子   朋友 先 洗澡   结果 说 淋浴 的 下水道 堵 了   里面 全是 头发   恶心 无比   地砖 也 是 脏渍 斑驳 的   里面 配套 的 毛巾 什么 的 根本 就 不全   浴巾 和 浴袍 各 只有 一条   我 宁愿 加点 钱   住 别家   真不知道 5 星是 怎么 得来 的,0
671,1,我试一下自己买来整套的《鸾》，本没有想到其内容得精彩只是看到价格能接受又是以整套书就买下了。我是一个清史迷虽有时爱看看有关的书，但更多的是被这部书的内容所感动。女人傻痴情的女人更傻，傻得没有自我眼中没有了一切，去追寻那种爱。书中男主与女主的爱荡气回肠，男主的执著更是我看到了现代都市爱情的缺陷。此书值得一看此书值得收藏，美的东西人人都要去感受一下。,我 试一下 自己 买来 整套 的 《 鸾 》 ， 本 没有 想到 其 内容 得 精彩 只是 看到 价格 能 接受 又 是 以 整套书 就 买下 了 。 我 是 一个 清史 迷 虽 有时 爱 看看 有关 的 书 ， 但 更 多 的 是 被 这部 书 的 内容 所 感动 。 女人 傻 痴情 的 女人 更 傻 ， 傻得 没有 自我 眼中 没有 了 一切 ， 去 追寻 那种 爱 。 书中 男主 与 女主 的 爱 荡气回肠 ， 男主 的 执著 更是 我 看到 了 现代 都市 爱情 的 缺陷 。 此书 值得一看 此书 值得 收藏 ， 美的 东西 人人 都 要 去 感受一下 。,0
682,0,显卡低级和其它配置不相符。另外就是运行预装的VISTA慢，真的是一分价钱一分货，看小黑比这配置低的运行VISTA都比这快多了。刚改XP了,显卡 低级 和 其它 配置 不 相符 。 另外 就是 运行 预装 的 VISTA 慢 ， 真的 是 一分 价钱 一分货 ， 看 小黑 比 这 配置 低 的 运行 VISTA 都 比 这 快 多 了 。 刚改 XP 了,1
692,0,我是一名资深的网络潜水员，喜欢在论坛上看护肤、理财等等。在网上经常看到一猫一菩提的精彩文章，深深地被她感染，成为一名不折不扣的猫迷。《31岁小美女养颜经》向我们展示了一个与众不同的护肤、养生、调养的新世界。她教会我们，可以从名贵繁杂的护肤品中解脱出来，用一些日常生活用品护肤；通过一些日常小动作健身；调理身体，以内养外；还教给我们，如何轻松自如地度过女人一生最宝贵的经历---怀孕生子。总而言之，这本书是女人的好朋友。,我 是 一名 资深 的 网络 潜水员 ， 喜欢 在 论坛 上 看 护肤 、 理财 等等 。 在 网上 经常 看到 一猫 一 菩提 的 精彩文章 ， 深深地 被 她 感染 ， 成为 一名 不折不扣 的 猫 迷 。 《 31 岁 小美女 养颜经 》 向 我们 展示 了 一个 与众不同 的 护肤 、 养生 、 调养 的 新世界 。 她 教会 我们 ， 可以 从 名贵 繁杂 的 护肤品 中 解脱 出来 ， 用 一些 日常 生活用品 护肤 ； 通过 一些 日常 小动作 健身 ； 调理 身体 ， 以内 养外 ； 还 教给 我们 ， 如何 轻松自如 地 度过 女人 一生 最 宝贵 的 经历 --- 怀孕 生子 。 总而言之 ， 这 本书 是 女人 的 好 朋友 。,1
694,1,"1G内存慢了一点; 反面感觉少一个螺丝,不知本身就没有的, vista不会用,明天就换成XP","1G 内存 慢 了 一点 ;   反面 感觉 少 一个 螺丝 , 不知 本身 就 没有 的 ,   vista 不会 用 , 明天 就 换成 XP",0
730,0,"该洒店设施不全且不洁净,让客户感觉不太敢放心使用,且服务人员态度不是太好,早上入住客人收拾房间的速度太慢","该洒店 设施 不 全且 不 洁净 , 让 客户 感觉 不太敢 放心使用 , 且 服务 人员 态度 不是太好 , 早上 入住 客人 收拾 房间 的 速度 太慢",1
738,1,客房、前台服务还可以，就是收银方面存在问题，我有一点电话费，同她说半天，还是这样开不能那样不能，最后全部以房费名义开，给她自己方便，不给我方便。另外早上8点多走廊上吸尘气开始叫了，吵闹得很，想晚点醒好难。有时还要受服务员敲门打扫卫生困扰，这不该是一家四星酒店应该有的服务吧。总体可以，下次去可能会选。,客房 、 前台 服务 还 可以 ， 就是 收银 方面 存在 问题 ， 我 有 一点 电话费 ， 同 她 说 半天 ， 还是 这样 开 不能 那样 不能 ， 最后 全部 以 房费 名义 开 ， 给 她 自己 方便 ， 不 给 我 方便 。 另外 早上 8 点多 走廊 上 吸尘 气 开始 叫 了 ， 吵闹 得 很 ， 想 晚点 醒 好 难 。 有时 还要 受 服务员 敲门 打扫卫生 困扰 ， 这 不该 是 一家 四星 酒店 应该 有 的 服务 吧 。 总体 可以 ， 下次 去 可能 会选 。,0
745,1,轻便！要是没有赠的东西我都不买它！还是京东想得周到！没听到过风扇的声音！小键盘灯的设计还是很有意思的！,轻便 ！ 要是 没有 赠 的 东西 我 都 不 买 它 ！ 还是 京东 想得 周到 ！ 没听到过 风扇 的 声音 ！ 小键盘 灯 的 设计 还是 很 有意思 的 ！,0
759,1,我家小姑娘刚上一年级。给她念了这本书，她非常喜欢也很向往豆豆的生活，结果在课堂上复制了豆豆的动作：把上课时把课本打开又合上，打开又合上。老师叫起了她，罚她站到一边。结果她也象小豆豆一样，对于罚站无动于衷，沉浸在她的小宇宙中。最后的结果当然也和豆豆一样，被请了家长。我只好告诉她，书里虽然也是真事，但是，你不能把书里的事搬到你的生活中重演；否则你要是被学校开除，妈妈可就没辙了。晕啊~,我家 小姑娘 刚 上一年 级 。 给 她 念 了 这 本书 ， 她 非常 喜欢 也 很 向往 豆豆 的 生活 ， 结果 在 课堂 上 复制 了 豆豆 的 动作 ： 把 上课时 把 课本 打开 又 合上 ， 打开 又 合上 。 老师 叫 起 了 她 ， 罚 她 站 到 一边 。 结果 她 也 象 小豆豆 一样 ， 对于 罚站 无动于衷 ， 沉浸 在 她 的 小 宇宙 中 。 最后 的 结果 当然 也 和 豆豆 一样 ， 被 请 了 家长 。 我 只好 告诉 她 ， 书里 虽然 也 是 真事 ， 但是 ， 你 不能 把 书里 的 事 搬 到 你 的 生活 中 重演 ； 否则 你 要是 被 学校 开除 ， 妈妈 可 就 没辙 了 。 晕 啊 ~,0
763,0,儿子1岁半了，之前给他买过劈里啪啦书，非常不错，儿子喜欢。我也受益于当当网忠实的用户。这次看到这套书大家都说好，也买给儿子，可是儿子不喜欢，说“不好看”。原因有几个：1.画面简单，有的基本上是空白页上一行文字。2.画的也一般3.故事情节比较单一。4.纸质较薄。5.个人认为，这套书更适合1岁或者更小的宝宝读。当然也有许多优点，12本书每本一个故事，日常生活故事，可以让宝宝养成好习惯。而且对于小宝宝上面的这些缺点就是优点了。拿到书后就有些后悔给儿子买了，想转让出去呢。,儿子 1 岁 半 了 ， 之前 给 他 买 过 劈里啪啦 书 ， 非常 不错 ， 儿子 喜欢 。 我 也 受益 于 当当网 忠实 的 用户 。 这次 看到 这 套书 大家 都 说好 ， 也 买 给 儿子 ， 可是 儿子 不 喜欢 ， 说 “ 不 好看 ” 。 原因 有 几个 ： 1 . 画面 简单 ， 有 的 基本上 是 空白页 上 一行 文字 。 2 . 画 的 也 一般 3 . 故事情节 比较 单一 。 4 . 纸质 较 薄 。 5 . 个人 认为 ， 这 套书 更 适合 1 岁 或者 更 小 的 宝宝 读 。 当然 也 有 许多 优点 ， 12 本书 每本 一个 故事 ， 日常生活 故事 ， 可以 让 宝宝 养成 好 习惯 。 而且 对于 小宝宝 上面 的 这些 缺点 就是 优点 了 。 拿到 书后 就 有些 后悔 给 儿子 买 了 ， 想 转让 出去 呢 。,1
773,0,本人语文水平有限，不知道“勾通”和“沟通”是否通用，看到有几处用的前者，有时又用后者。故事写得很一般，至少在我看完“浮沉”以后，这个故事就显得没那么精彩，吸引人了。无非就是一个女孩子利用一个个机会往上提升的故事。人物写得不够饱满，给人印象不深刻，故事也没什么起伏的情节，比较平淡，很多人生活中都是这样过来的。也许跟我本身工作有关吧，书里的情节、故事、场景都太熟悉了，没新意，对这本书就是喜欢不起来。对职场新人有一定作用。,本人 语文 水平 有限 ， 不 知道 “ 勾通 ” 和 “ 沟通 ” 是否 通用 ， 看到 有 几处 用 的 前者 ， 有时 又 用 后者 。 故事 写 得 很 一般 ， 至少 在 我 看 完 “ 浮沉 ” 以后 ， 这个 故事 就 显得 没 那么 精彩 ， 吸引 人 了 。 无非 就是 一个 女孩子 利用 一个个 机会 往 上 提升 的 故事 。 人物 写得 不够 饱满 ， 给 人 印象 不 深刻 ， 故事 也 没什么 起伏 的 情节 ， 比较 平淡 ， 很多 人 生活 中 都 是 这样 过来 的 。 也许 跟 我 本身 工作 有关 吧 ， 书里 的 情节 、 故事 、 场景 都 太 熟悉 了 ， 没 新意 ， 对 这 本书 就是 喜欢 不 起来 。 对 职场 新人 有 一定 作用 。,1
775,1,不能给人什么深刻印象，老五星，价格比较低。。。可以入住。。,不能 给 人 什么 深刻印象 ， 老 五星 ， 价格 比较 低 。 。 。 可以 入住 。 。,0
786,1,家具太陈旧，早餐也很简单。这些都不说了，让我气愤的是我裤兜里的300块通知洗衣前忘了拿出来，等到4小时后想起来再打电话询问的时候已经没有了。房务中心的服务员很甜美地告诉我：“确实没有看到，我们在洗衣前有三道检查的，麻烦您再找找。”我不想冤枉她们，找遍了所有的地方可就是没有。无话可说....下次不会再住那里了。,家具 太 陈旧 ， 早餐 也 很 简单 。 这些 都 不 说 了 ， 让 我 气愤 的 是 我 裤兜 里 的 300 块 通知 洗衣 前 忘 了 拿 出来 ， 等到 4 小时 后 想 起来 再 打电话 询问 的 时候 已经 没有 了 。 房务 中心 的 服务员 很 甜美 地 告诉 我 ： “ 确实 没有 看到 ， 我们 在 洗衣 前有 三道 检查 的 ， 麻烦 您 再 找 找 。 ” 我 不想 冤枉 她们 ， 找遍 了 所有 的 地方 可 就是 没有 。 无话可说 .... 下次 不会 再住 那里 了 。,0
812,0,"该套丛书画面生动,注重生活的细节,对小孩很有吸引力,并在阅读的同事了解了生活中的常识/体会一些有趣的过程. 满意!","该套 丛书 画面 生动 , 注重 生活 的 细节 , 对 小孩 很 有 吸引力 , 并 在 阅读 的 同事 了解 了 生活 中 的 常识 / 体会 一些 有趣 的 过程 .   满意 !",1
820,0,"感动.还有锥心的悲哀.读过就再也无法忘怀.很怕被拍成影视,毁掉心中美好的人物形象.太感动","感动 . 还有 锥心 的 悲哀 . 读过 就 再也 无法 忘怀 . 很怕 被 拍成 影视 , 毁掉 心中 美好 的 人物形象 . 太 感动",1
828,0,满怀着期待购买了毕淑敏的《女心理师》，阅读之前对这部作品充满了期待，因为我已读过不少毕淑敏的作品。非常喜欢她用平实而又富有哲理的简洁的语言讲述的一个又一个故事，特别是08年读过的《女工》，连续读了很多次，非常喜欢。说句心里话，读完《女心理师》感觉有些失望。虽然我是一个学理科的人，但非常喜欢阅读。这部作品的主人公贺顿是一个由于自身的出身卑微，但又聪明、有一定追求的人。在不断的努力下获取了心理咨询师的资格，为了开办诊所，嫁给一个内心厚道但根本没有感情的男人。我不知道，这样的女主人公带给读者的是什么？同时，作品中的几个故事远远脱离日常生活，看着就感觉作者纯粹是为了写作而写作，毫无价值，除了有几句话让我留有一些印象外，其余的看完书后就忘记了。真是失望！,满怀 着 期待 购买 了 毕淑敏 的 《 女 心理 师 》 ， 阅读 之前 对 这部 作品 充满 了 期待 ， 因为 我 已 读过 不少 毕淑敏 的 作品 。 非常 喜欢 她 用 平实 而 又 富有 哲理 的 简洁 的 语言 讲述 的 一个 又 一个 故事 ， 特别 是 08 年读 过 的 《 女工 》 ， 连续 读 了 很 多次 ， 非常 喜欢 。 说句 心里话 ， 读完 《 女 心理 师 》 感觉 有些 失望 。 虽然 我 是 一个 学理科 的 人 ， 但 非常 喜欢 阅读 。 这部 作品 的 主人公 贺顿 是 一个 由于 自身 的 出身 卑微 ， 但 又 聪明 、 有 一定 追求 的 人 。 在 不断 的 努力 下 获取 了 心理咨询 师 的 资格 ， 为了 开办 诊所 ， 嫁给 一个 内心 厚道 但 根本 没有 感情 的 男人 。 我 不 知道 ， 这样 的 女 主人公 带给 读者 的 是 什么 ？ 同时 ， 作品 中 的 几个 故事 远远 脱离 日常生活 ， 看着 就 感觉 作者 纯粹 是 为了 写作 而 写作 ， 毫无价值 ， 除了 有 几句话 让 我 留有 一些 印象 外 ， 其余 的 看 完 书后 就 忘记 了 。 真是 失望 ！,1
840,1,"火车晚点,临时改主意去住店,也没有刻意去选择.不过衢州饭店还不错,就是凌晨checkin,前台也要算前一天,收全天房费,说携程预订就是这样,睡了几个小时赶火车,还花了一天的钱.","火车 晚点 , 临时 改 主意 去 住店 , 也 没有 刻意 去 选择 . 不过 衢州 饭店 还 不错 , 就是 凌晨 checkin , 前台 也 要 算 前一天 , 收 全天 房费 , 说 携程 预订 就是 这样 , 睡 了 几个 小时 赶 火车 , 还花 了 一天 的 钱 .",0
856,1,装系统没向有些人说的那么困难 驱动也好弄，就是蓝牙驱动去官网下了个，官网布局不怎么地，找了半天才找到型号,装 系统 没 向 有些 人 说 的 那么 困难   驱动 也好 弄 ， 就是 蓝牙 驱动 去 官网 下 了 个 ， 官网 布局 不怎么 地 ， 找 了 半天 才 找到 型号,0
865,0,用起来还不错，本人还有几张2000-100 1000-50 东券要的加qq 673946022,用 起来 还 不错 ， 本人 还有 几张 2000 - 100   1000 - 50   东券要 的 加 qq   673946022,1
869,1,刚读完杜拉拉升职记，发现又悄然出现了小强升职记。说心里话，刚看到这个书名时，觉得有点俗，也觉得这书不大气，但一看大家的评论还都不错，于是就决定买来看看。结果出乎我的意料，书中的时间管理知识介绍的非常的详细。以前我也读过相关的书，比如说《高效能人士的七种习惯》，对时间管理有一些肤浅的认识，我觉得小强升职记写的还蛮系统的，而且也有一定得趣味性，我又买了几本送给了我的同事。值得学习!,刚 读完 杜 拉拉 升职 记 ， 发现 又 悄然 出现 了 小强 升职 记 。 说心里话 ， 刚 看到 这个 书名 时 ， 觉得 有点 俗 ， 也 觉得 这书 不 大气 ， 但 一看 大家 的 评论 还 都 不错 ， 于是 就 决定 买来 看看 。 结果 出乎 我 的 意料 ， 书中 的 时间 管理 知识 介绍 的 非常 的 详细 。 以前 我 也 读过 相关 的 书 ， 比如说 《 高效能 人士 的 七种 习惯 》 ， 对 时间 管理 有 一些 肤浅 的 认识 ， 我 觉得 小强 升职 记写 的 还 蛮 系统 的 ， 而且 也 有 一定 得 趣味性 ， 我 又 买 了 几本 送给 了 我 的 同事 。 值得 学习 !,0
870,0,于丹每天讲如何如何学习孔子、庄子，如何有心得（中学作文：读后感）。很多东西非常牵强，让人不可理解。于丹开口闭口讲不为功不为利，可为什么招摇过市，搞了那么多炒作活动！说到底，为了什么呢---名利。天下熙熙，皆为利来；天下攘攘，皆为利往。于丹真是活学活用的楷模！,于 丹 每天 讲 如何 如何 学习 孔子 、 庄子 ， 如何 有 心得 （ 中学 作文 ： 读后感 ） 。 很多 东西 非常 牵强 ， 让 人 不可 理解 。 于 丹 开口闭口 讲不为 功不为利 ， 可 为什么 招摇过市 ， 搞 了 那么 多 炒作 活动 ！ 说到底 ， 为了 什么 呢 --- 名利 。 天下 熙熙 ， 皆 为 利来 ； 天下 攘攘 ， 皆 为 利往 。 于 丹 真是 活学活用 的 楷模 ！,1
875,1,现在用着541发表评论，没有噪音，散热不大，硬件很不错。 不过 八个小时前我还在别人的帮助下 研究怎么装 xp！ 超级麻烦，gost 装不了，只能找了 潘家花园 自动安装成功了，花了 近三个小时等安装完毕，系统提示：你可能是盗版软件的受害者。就像是 朋友在一块高高兴兴的吃火锅，等吃的差不多了，突然服务员说：你们吃的羊肉带有禽流感病毒.......,现在 用 着 541 发表 评论 ， 没有 噪音 ， 散热 不 大 ， 硬件 很 不错 。   不过   八个 小时 前 我 还 在 别人 的 帮助 下   研究 怎么 装   xp ！   超级 麻烦 ， gost   装 不了 ， 只能 找 了   潘家 花园   自动 安装 成功 了 ， 花 了   近 三个 小时 等 安装 完毕 ， 系统 提示 ： 你 可能 是 盗版软件 的 受害者 。 就 像是   朋友 在 一块 高高兴兴 的 吃火锅 ， 等 吃 的 差不多 了 ， 突然 服务员 说 ： 你们 吃 的 羊肉 带有 禽流感 病毒 .......,0
884,1,如果我的评论对您购书有帮助，请投我一票。,如果 我 的 评论 对 您 购书 有 帮助 ， 请 投 我 一票 。,0
902,1,早餐还可以，房间一般，不过隔音效果很好，虽然对则一条大马路，但是根本听不到什么嘲音,早餐 还 可以 ， 房间 一般 ， 不过 隔音 效果 很 好 ， 虽然 对 则 一条 大马路 ， 但是 根本 听 不到 什么 嘲音,0
904,1,服务还不错，但是客房装修过于陈旧，隔音效果确实不好。另外想要对客房部替个意见，你们能不能在客人没有要求清理的情况下，于顾客离店后在进行清理客房呢？最后说一句“真的不要对早餐抱有太大的希望！”,服务 还 不错 ， 但是 客房 装修 过于 陈旧 ， 隔音 效果 确实 不好 。 另外 想要 对 客房部 替个 意见 ， 你们 能 不能 在 客人 没有 要求 清理 的 情况 下 ， 于 顾客 离店 后 在 进行 清理 客房 呢 ？ 最后 说 一句 “ 真的 不要 对 早餐 抱有 太大 的 希望 ！ ”,0
910,1,十年前在北京上大学时买过一套黑白印刷的，很喜欢，可惜被朋友抢去了。这么多年一直想再淘一套，但在本地的书店却没见到，当当网给我实现了这个夙愿，又正好特价，两本没花上一本的钱，太超值了！这个版本印刷、图片质量都没得说，而且是彩色版，内容凭记忆与十年前的版本比改动不大，这也正说明本书经得起时间考验，许多内容在当初编写时就下足了功夫，不因时代变化而淘汰。,十年 前 在 北京 上 大学 时买过 一套 黑白 印刷 的 ， 很 喜欢 ， 可惜 被 朋友 抢去 了 。 这么 多年 一直 想 再 淘 一套 ， 但 在 本地 的 书店 却 没 见到 ， 当当网 给 我 实现 了 这个 夙愿 ， 又 正好 特价 ， 两本 没花 上 一本 的 钱 ， 太 超值 了 ！ 这个 版本 印刷 、 图片 质量 都 没得说 ， 而且 是 彩色版 ， 内容 凭 记忆 与 十年 前 的 版本 比 改动 不 大 ， 这 也 正 说明 本书 经得起 时间 考验 ， 许多 内容 在 当初 编写 时 就 下足 了 功夫 ， 不 因 时代 变化 而 淘汰 。,0
915,0,东西不错，比想象中的好，性价比不错。京东的配送速度也要赞一个！,东西 不错 ， 比 想象 中 的 好 ， 性价比 不错 。 京东 的 配送 速度 也 要 赞 一个 ！,1
916,0,原本以为是写一些关于心里问题的解答，谁知道只是关于感情的故事。真的有种被骗的感觉，被作者蒙骗了。,原本 以为 是 写 一些 关于 心里 问题 的 解答 ， 谁 知道 只是 关于 感情 的 故事 。 真的 有种 被 骗 的 感觉 ， 被 作者 蒙骗 了 。,1
938,1,以前一直不喜欢喝水，虽然同学都说喝水对身体有好处。但我不到口渴得不行了，是不会喝水的。但看了这本书后，才晓得水对人身来说是最好的药，最好的资源。但是要注意一点，水喝多了是好，但问题是什么样的水才对身体有好处。陈水肯定无法起来益处。自来水也不是很好。我都买最近一两个月才生产的纯静水。而且水箱里面放了三天以上的水也不要喝了,以前 一直 不 喜欢 喝水 ， 虽然 同学 都 说 喝水 对 身体 有 好处 。 但 我 不到 口渴 得 不行 了 ， 是 不会 喝水 的 。 但 看 了 这 本书 后 ， 才 晓得 水对 人身 来说 是 最好 的 药 ， 最好 的 资源 。 但是 要 注意 一点 ， 水喝 多 了 是 好 ， 但 问题 是 什么样 的 水才 对 身体 有 好处 。 陈水 肯定 无法 起来 益处 。 自来水 也 不是 很 好 。 我 都 买 最近 一两个 月 才 生产 的 纯 静水 。 而且 水箱 里面 放 了 三天 以上 的 水 也 不要 喝 了,0
946,1,对比了GATEWAY的那款和这款，最后看中了宏?的三年质保。 1、装系统：很多人都反映系统难装，建议大家用深度6.2版本的XP，自带sata驱动，所以装的时候就不用改bios的设置了。 2、散热问题：从做系统一直连续开机了10个小时，个人感觉比较热的地方就是触摸板了，但是绝对没有达到烫手的地步。所以我个人感觉散热不能说好，但是也绝不差。而且独显笔记本肯定会热的，想不热就多花一倍的钱去买小黑。,对比 了 GATEWAY 的 那款 和 这款 ， 最后 看中 了 宏 ? 的 三年 质保 。   1 、 装 系统 ： 很多 人 都 反映 系统 难装 ， 建议 大家 用 深度 6.2 版本 的 XP ， 自带 sata 驱动 ， 所以 装 的 时候 就 不用 改 bios 的 设置 了 。   2 、 散热 问题 ： 从 做 系统 一直 连续 开机 了 10 个 小时 ， 个人感觉 比较 热 的 地方 就是 触摸板 了 ， 但是 绝对 没有 达到 烫手 的 地步 。 所以 我 个人感觉 散热 不能 说好 ， 但是 也 绝不 差 。 而且 独显 笔记本 肯定 会 热 的 ， 想 不 热 就 多花 一倍 的 钱 去 买 小黑 。,0
949,1,地理位置还算可以，酒店房间有点旧，但不影响什么。只是房间的隔音比较差，旁边的进出房间和说话都听得很清楚。有时会影响睡觉。,地理位置 还 算 可以 ， 酒店 房间 有点 旧 ， 但 不 影响 什么 。 只是 房间 的 隔音 比较 差 ， 旁边 的 进出 房间 和 说话 都 听 得 很 清楚 。 有时 会 影响 睡觉 。,0
983,0,"看了前面的点评，感觉此酒店应该不错，所以这次去慈溪定了国脉酒店。结果大失所望。酒店位置不错，298的大床房窗外景色好，公园、小街... ...不满意的地方： 一、房间太脏，地毯肯定二年未洗，污渍满地，如果像走道一样铺大理石反而干净得多；椅背、床背都不干净，房间居然还有一个大苍蝇； 二、洗澡的花洒非常不好用， 三、大堂的灯太昏暗，头晕！ 四、前台的服务小姐态度比较生硬； 五、酒店所有的商务单人大床靠北边.但是低下是冷却塔,厨房烟道. 比较嘈","看 了 前面 的 点评 ， 感觉 此 酒店 应该 不错 ， 所以 这次 去 慈溪 定 了 国脉 酒店 。 结果 大失所望 。 酒店 位置 不错 ， 298 的 大床 房 窗外 景色 好 ， 公园 、 小街 ...   ... 不 满意 的 地方 ：   一 、 房间 太脏 ， 地毯 肯定 二年 未洗 ， 污渍 满地 ， 如果 像 走 道 一样 铺 大理石 反而 干净 得 多 ； 椅背 、 床 背 都 不 干净 ， 房间 居然 还有 一个 大 苍蝇 ；   二 、 洗澡 的 花洒 非常 不好 用 ，   三 、 大堂 的 灯 太 昏暗 ， 头晕 ！   四 、 前台 的 服务 小姐 态度 比较 生硬 ；   五 、 酒店 所有 的 商务 单 人大 床 靠北边 . 但是 低下 是 冷却塔 , 厨房 烟道 .   比较 嘈",1
988,0,"ctrip标上四星,但只能用金玉其外败絮其内来来形容,这件酒店外表好看而已,内部最多和如家或者7天这些廉价酒店打平手,我住过所有星级的酒店,就是这间最不符合4星的标准,如果以北京的北方佳苑和广州的华夏酒店为标准4星参考,他在我眼里和街边的小酒店没差别,我真的不知道他的四星从哪里来,前台态度差劲,连最基本的笑脸迎人都没有,酒店3楼的餐厅更是差极了,而菜单里没几样菜有的,摆明砍客,还摆出要嘛被砍,要嘛就别来吃的样子,菜的味道更不敢恭维,我第一次入住酒店后马上再出去找酒店的,紫光的位置也不太好,连沙滩都不能直接进去,建议去阳江的住南方假日酒店,服务态度好多了,而且前面就可以直接到沙滩,靠山面海,真正的海景房! 或者就是住我第二天入住的小港湾山庄,这是在悬崖边的,晚上可以在小亭子听海喝喝茶也不错,离酒店不远就有一间旺角海鲜大排档,除了海虾,其他的都比外面便宜太多了,鱼虾蟹随便叫! 这两间都是真正的海景房,标三星也非常符合,重点是这两三星都比4四星好太多了,所以建议大家千万不要入住所谓的阳江最好最高级的4星紫江,花钱买罪受!","ctrip 标上 四星 , 但 只能 用 金玉其外 败絮 其内 来 来 形容 , 这件 酒店 外表 好看 而已 , 内部 最多 和 如家 或者 7 天 这些 廉价 酒店 打平手 , 我 住 过 所有 星级 的 酒店 , 就是 这间 最 不 符合 4 星 的 标准 , 如果 以 北京 的 北方 佳苑 和 广州 的 华夏 酒店 为 标准 4 星 参考 , 他 在 我 眼里 和 街边 的 小 酒店 没 差别 , 我 真的 不 知道 他 的 四星 从 哪里 来 , 前台 态度 差劲 , 连 最 基本 的 笑脸迎人 都 没有 , 酒店 3 楼 的 餐厅 更是 差 极了 , 而 菜单 里 没 几样 菜 有 的 , 摆明 砍客 , 还 摆出 要 嘛 被 砍 , 要 嘛 就 别来 吃 的 样子 , 菜 的 味道 更 不敢恭维 , 我 第一次 入住 酒店 后 马上 再 出去 找 酒店 的 , 紫光 的 位置 也 不太好 , 连 沙滩 都 不能 直接 进去 , 建议 去 阳江 的 住 南方 假日酒店 , 服务态度 好多 了 , 而且 前面 就 可以 直接 到 沙滩 , 靠山 面海 , 真正 的 海景房 !   或者 就是 住 我 第二天 入住 的 小 港湾 山庄 , 这 是 在 悬崖 边 的 , 晚上 可以 在 小 亭子 听海 喝 喝茶 也 不错 , 离 酒店 不远 就 有 一间 旺角 海鲜 大排档 , 除了 海虾 , 其他 的 都 比 外面 便宜 太多 了 , 鱼虾 蟹 随便 叫 !   这 两间 都 是 真正 的 海景房 , 标 三星 也 非常 符合 , 重点 是 这 两 三星 都 比 4 四星 好太多 了 , 所以 建议 大家 千万 不要 入住 所谓 的 阳江 最好 最高级 的 4 星紫江 , 花钱买 罪受 !",1
995,1,BIOS设置非常好！为了方便用户更换新的系统，在BIOS里设置了一键抹除硬盘所有内容！方便了不适用随机系统的人更换新系统！,BIOS 设置 非常 好 ！ 为了 方便 用户 更换 新 的 系统 ， 在 BIOS 里 设置 了 一键 抹除 硬盘 所有 内容 ！ 方便 了 不 适用 随机 系统 的 人 更换 新 系统 ！,0
1001,1,"没有想到开封这个地方.居然有服务这样好的宾馆。 酒店人员的培训是很到位了。服务和我经历过的一些五星级酒店差不多了。果然是市委招待所的班子. 缺点就是我们住的哪个房间,设施有点陈旧. 交通很便利.从酒店步行5分钟就到了最繁华的开封的小吃一条街.","没有 想到 开封 这个 地方 . 居然 有 服务 这样 好 的 宾馆 。   酒店 人员 的 培训 是 很 到位 了 。 服务 和 我 经历 过 的 一些 五星级 酒店 差不多 了 。 果然 是 市委 招待所 的 班子 .   缺点 就是 我们 住 的 哪个 房间 , 设施 有点 陈旧 .   交通 很 便利 . 从 酒店 步行 5 分钟 就 到 了 最 繁华 的 开封 的 小吃 一条街 .",0
1003,1,不值房价，早餐太糟，也许我去的比较晚，九点左右，没东西吃,不值 房价 ， 早餐 太糟 ， 也许 我 去 的 比较 晚 ， 九点 左右 ， 没 东西 吃,0
1005,0,房间较旧，墙纸有霉变。环境一般，感觉不象携程上介绍的那样古色古香，而是感觉破旧不堪。不过周围交通比较方便，离景点和汽车站都很近。,房间 较 旧 ， 墙纸 有 霉变 。 环境 一般 ， 感觉 不 象 携程 上 介绍 的 那样 古色古香 ， 而是 感觉 破旧不堪 。 不过 周围 交通 比较 方便 ， 离 景点 和 汽车站 都 很 近 。,1
1010,0,内存小了点，不过加2百多可以加条2G的，普通是够用的了。原配电池比较不耐用，电量可以再购买9芯电池来拓展。,内存 小 了 点 ， 不过 加 2 百多 可以 加条 2G 的 ， 普通 是 够用 的 了 。 原配 电池 比较 不 耐用 ， 电量 可以 再 购买 9 芯 电池 来 拓展 。,1
1021,1,五一刚买的，驱动是傻瓜式的，一下全部搞定，但是因为自己没有注意，有很多没有用的软件一并安装了，,五一 刚买 的 ， 驱动 是 傻瓜式 的 ， 一下全部 搞定 ， 但是 因为 自己 没有 注意 ， 有 很多 没有 用 的 软件 一并 安装 了 ，,0
1035,0,在当地算是比较好的酒店，所以每次去当地出差基本上都会住这家酒店。酒店服务一般，设施不是很理想，如果能够有针对性的进行改进会更好。,在 当地 算是 比较 好 的 酒店 ， 所以 每次 去 当地 出差 基本上 都 会 住 这家 酒店 。 酒店 服务 一般 ， 设施 不是 很 理想 ， 如果 能够 有 针对性 的 进行 改进 会 更好 。,1
1039,0,用了几天还可以，就是有一个亮点!真是气死人，一个点又不在保修内，当时收货时又没看!,用 了 几天 还 可以 ， 就是 有 一个 亮点 ! 真是 气死人 ， 一个点 又 不 在 保修 内 ， 当时 收货 时 又 没 看 !,1
1041,1,好的小说往往没什么答案，《门第》自始至终，都在顽强地告诉读者因为什么由于什么。这自然不是说它过于浅显，算不上一本好小说，还够不上纯文学的严格标准，事实上，很多困惑说与不说，讨论不讨论，结果都一样，有答案就是没答案，没答案恰恰就是答案。文学解决不了什么实际的问题，不是教科书，艺术就是现实的一种回光返照，都市男女在择偶前，临时抱佛脚翻阅一下这本书，显然不是什么坏事。,好 的 小说 往往 没什么 答案 ， 《 门第 》 自始至终 ， 都 在 顽强 地 告诉 读者 因为 什么 由于 什么 。 这 自然 不是 说 它 过于 浅显 ， 算不上 一本 好 小说 ， 还 够不上 纯文学 的 严格 标准 ， 事实上 ， 很多 困惑 说 与 不 说 ， 讨论 不 讨论 ， 结果 都 一样 ， 有 答案 就是 没 答案 ， 没 答案 恰恰 就是 答案 。 文学 解决不了 什么 实际 的 问题 ， 不是 教科书 ， 艺术 就是 现实 的 一种 回光返照 ， 都市男女 在 择偶 前 ， 临时 抱佛脚 翻阅 一下 这 本书 ， 显然 不是 什么 坏事 。,0
1047,0,作为个人经验在网上谈谈可以，但拿来出书就有点过了，书中还有些明显的谬误。不过文笔还不错，建议写写散文好了。,作为 个人 经验 在 网上 谈谈 可以 ， 但 拿来 出书 就 有点 过 了 ， 书中 还 有些 明显 的 谬误 。 不过 文笔 还 不错 ， 建议 写写 散文 好 了 。,1
1052,1,"酒店位置很好,适合旅游度假!房间马马虎虎,过的去了!服务一般!","酒店 位置 很 好 , 适合 旅游 度假 ! 房间 马马虎虎 , 过 的 去 了 ! 服务 一般 !",0
1056,1,很好的酒店，为我司尊贵客户预订，周末入住行政楼层，28楼行政楼层落地窗户，朝南房间视野很好，可以俯瞰延安西路高架，由于是顶层，高架的隔音也很好！硬件设施很好，符合四星级标准！美中不足是行政楼层房间有些狭小，空间略显不足！ 另外，还有一点就是隔音不是很好，我们入住的客户有严重失眠，常被门外的脚步声和喧哗声惊醒！有待改进！ 总之非常值得推荐入住！,很 好 的 酒店 ， 为 我司 尊贵 客户 预订 ， 周末 入住 行政 楼层 ， 28 楼 行政 楼层 落地 窗户 ， 朝南 房间 视野 很 好 ， 可以 俯瞰 延安 西路 高架 ， 由于 是 顶层 ， 高架 的 隔音 也 很 好 ！ 硬件 设施 很 好 ， 符合 四星级 标准 ！ 美中不足 是 行政 楼层 房间 有些 狭小 ， 空间 略显 不足 ！   另外 ， 还有 一点 就是 隔音 不是 很 好 ， 我们 入住 的 客户 有 严重 失眠 ， 常 被 门外 的 脚步声 和 喧哗声 惊醒 ！ 有待 改进 ！   总之 非常 值得 推荐 入住 ！,0
1058,1,京东的dd发货速度是惊人的，第二天中午就到了，带发票，还可以拉卡，8错。打开还有xp光盘，就是没有预装office,京东 的 dd 发货 速度 是 惊人 的 ， 第二天 中午 就 到 了 ， 带 发票 ， 还 可以 拉卡 ， 8 错 。 打开 还有 xp 光盘 ， 就是 没有 预装 office,0
1070,1,"好迷糊的一只兔子呀,我不知道我是谁,很喜欢他迷惘的样子,不断地追问,?我是一只猴子吗?”“我是一只豪猪吗？”“我是一只獾吗？”“我应该住在山洞里吗？”“我应该住在鸟窝里吗？”“我应该住在蜘蛛网上吗？”“我要鱼吗？”．．．．．．可是这样一只迷糊的兔子，在面临危临时却毫不犹豫，飞起大脚，狠命一踢，呜啦，兔子成了英雄了！","好 迷糊 的 一只 兔子 呀 , 我 不 知道 我 是 谁 , 很 喜欢 他 迷惘 的 样子 , 不断 地 追问 , ? 我 是 一只 猴子 吗 ? ” “ 我 是 一只 豪猪 吗 ？ ” “ 我 是 一只 獾 吗 ？ ” “ 我 应该 住 在 山洞 里 吗 ？ ” “ 我 应该 住 在 鸟窝 里 吗 ？ ” “ 我 应该 住 在 蜘蛛网 上 吗 ？ ” “ 我要 鱼 吗 ？ ” ． ． ． ． ． ． 可是 这样 一只 迷糊 的 兔子 ， 在 面临 危 临时 却 毫不犹豫 ， 飞 起 大脚 ， 狠命 一 踢 ， 呜 啦 ， 兔子 成 了 英雄 了 ！",0
1080,0,我给6岁的女儿买了一套，还有最新出的第七册，她非常喜欢，书她在幼儿园已经看了其他同学的，可是回到家还是抱住不放，看来真是不错。我准备再买一套送给朋友的孩子,我 给 6 岁 的 女儿 买 了 一套 ， 还有 最新 出 的 第七册 ， 她 非常 喜欢 ， 书 她 在 幼儿园 已经 看 了 其他同学 的 ， 可是 回到 家 还是 抱住不放 ， 看来 真是 不错 。 我 准备 再 买 一套 送给 朋友 的 孩子,1
1087,0,很少上来点评，但是为了让大家有个正确地认识，我愿意花点时间来点评下：我的建议是请你选择别的酒店，因为此酒店较陈旧，最重要的是房间的隔音效果非常差，我本人非常的不适应，当然如果您对噪音觉得无所谓的话，此酒店还是可以的。,很少 上来 点评 ， 但是 为了 让 大家 有个 正确 地 认识 ， 我 愿意 花 点 时间 来 点评 下 ： 我 的 建议 是 请 你 选择 别的 酒店 ， 因为 此 酒店 较 陈旧 ， 最 重要 的 是 房间 的 隔音 效果 非常 差 ， 我 本人 非常 的 不 适应 ， 当然 如果 您 对 噪音 觉得 无所谓 的话 ， 此 酒店 还是 可以 的 。,1
1095,1,替朋友买的，自己都没见到，但想必宏基不会象我买的那个国货长城笔记本那样下三烂吧,替 朋友 买 的 ， 自己 都 没 见到 ， 但 想必 宏基 不会 象 我 买 的 那个 国货 长城 笔记本 那样 下三烂 吧,0
1099,1,阅读一次，有2个错别字。都是不该错的地方。希望再版时改正过来。,阅读 一次 ， 有 2 个 错别字 。 都 是 不该 错 的 地方 。 希望 再版 时 改正过来 。,0
1101,0,房间小得不像话，早餐差得不像话，绝对不会再光顾。隔壁的南国大酒店看上去不错。晚上想在酒店的餐厅吃饭，结果人家办婚宴，谢绝散客，郁闷！ 优点是地理位置不错，朝南的房间可以看富春江，可惜给我的所谓高级房是朝北的，怪不得人家说携程的客人比较受歧视。,房间 小得 不像话 ， 早餐 差得 不像话 ， 绝对 不会 再 光顾 。 隔壁 的 南国 大酒店 看上去 不错 。 晚上 想 在 酒店 的 餐厅 吃饭 ， 结果 人家 办 婚宴 ， 谢绝 散客 ， 郁闷 ！   优点 是 地理位置 不错 ， 朝南 的 房间 可以 看 富春江 ， 可惜 给 我 的 所谓 高级 房是 朝北 的 ， 怪不得 人家 说 携程 的 客人 比较 受 歧视 。,1
1104,1,"服务很好，设施也蛮不错的，但房间隔音实在太差了。 宾馆反馈 2007年12月28日 ： 首先非常感谢您选择东方大酒店,也非常感谢您给我们提出了宝贵的意见,酒店近期楼顶正在加层建造西餐厅,施工初期会有一些噪音工段,同时我们对工程施工时间有明确的规定,正常休息时间内是不允许施工的;再次对您表示诚挚的歉意,东方大酒店在不久后又将会以全新的形象迎接您的再次光临!","服务 很 好 ， 设施 也 蛮 不错 的 ， 但 房间 隔音 实在 太差 了 。   宾馆 反馈   2007 年 12 月 28 日   ：   首先 非常 感谢您 选择 东方 大酒店 , 也 非常 感谢您 给 我们 提出 了 宝贵 的 意见 , 酒店 近期 楼顶 正在 加层 建造 西餐厅 , 施工 初期 会 有 一些 噪音 工段 , 同时 我们 对 工程施工 时间 有 明确 的 规定 , 正常 休息时间 内 是 不 允许 施工 的 ; 再次 对 您 表示 诚挚 的 歉意 , 东方 大酒店 在 不久 后 又 将 会 以 全新 的 形象 迎接 您 的 再次 光临 !",0
1106,0,"儿子现在两周九个月了,平时就有玩?下蛋游戏?,这回拿到的书,不仅看到?下蛋游戏?,还有?钓鱼游戏?等等,每天一看到我就抓我说,妈妈,我们一起到外面钓鱼去吧~要不,?妈妈,我下了个很大的蛋哦,我有个大屁股,哈哈,给你吃,我狂晕~?不过从内心上非常感动,儿子,自己懂得自娱自乐了,有时还会带领他的小伙伴们做游戏,当然,他就是老大,嘻!","儿子 现在 两周 九个 月 了 , 平时 就 有 玩 ? 下蛋 游戏 ? , 这回 拿到 的 书 , 不仅 看到 ? 下蛋 游戏 ? , 还有 ? 钓鱼 游戏 ? 等等 , 每天 一 看到 我 就 抓 我 说 , 妈妈 , 我们 一起 到 外面 钓鱼 去 吧 ~ 要 不 , ? 妈妈 , 我下 了 个 很大 的 蛋 哦 , 我 有 个 大 屁股 , 哈哈 , 给 你 吃 , 我 狂晕 ~ ? 不过 从 内心 上 非常 感动 , 儿子 , 自己 懂得 自娱自乐 了 , 有时 还会 带领 他 的 小伙伴 们 做 游戏 , 当然 , 他 就是 老大 , 嘻 !",1
1107,0,对毕淑敏的作品，我还是比较期待的。但是这本书看下来，我的感觉是有些许失望。言语堆砌出模糊的情节，作者一直在字里行间强调她过往的从医经历，但是明显不够专业。这部作品，专业人士看了会贻笑大方，业余人看了又不觉吸引。两头不到岸。其实读者对于作者的经历是不感兴趣的。就象亦舒的文字，任何一部作品，那都是经典中的经典。,对 毕淑敏 的 作品 ， 我 还是 比较 期待 的 。 但是 这 本书 看 下来 ， 我 的 感觉 是 有 些许 失望 。 言语 堆砌 出 模糊 的 情节 ， 作者 一直 在 字里行间 强调 她 过往 的 从医 经历 ， 但是 明显 不够 专业 。 这部 作品 ， 专业人士 看 了 会 贻笑大方 ， 业余 人 看 了 又 不觉 吸引 。 两头 不到 岸 。 其实 读者 对于 作者 的 经历 是 不感兴趣 的 。 就 象 亦 舒 的 文字 ， 任何 一部 作品 ， 那 都 是 经典 中 的 经典 。,1
1129,1,优点：这个笔记本性能好的，适合女生用，而且是粉色！ 建议如下：1，请改下大订单的支付方式，如果可以直接用信用卡网上支付会更方便。目前想招商银行的信用卡网上消费500以下的。每次我都要用支付宝的方式来用的，但是为什么用它购买机票的时候，大于500的可以直接网上刷呢？请你跟银行沟通下这个问题,优点 ： 这个 笔记本 性能 好 的 ， 适合 女生 用 ， 而且 是 粉色 ！   建议 如下 ： 1 ， 请 改下 大 订单 的 支付 方式 ， 如果 可以 直接 用 信用卡 网上支付 会 更 方便 。 目前 想 招商银行 的 信用卡 网上 消费 500 以下 的 。 每次 我 都 要 用 支付宝 的 方式 来用 的 ， 但是 为什么 用 它 购买 机票 的 时候 ， 大于 500 的 可以 直接 网上 刷 呢 ？ 请 你 跟 银行 沟通 下 这个 问题,0
1143,1,"可能是建的时间比较早吧,感觉内部不是很突出了.","可能 是 建 的 时间 比较 早 吧 , 感觉 内部 不是 很 突出 了 .",0
1152,1,第三次入住中船宾馆了，这里几乎成了自己去京的定点住宿地。房间布置朴实干净，卫生间虽然不大，但是也很清洁。很喜欢带木质扶手的楼梯，感觉走走去房间挺随意的。最近一次入住，窗帘的滑道非常光滑；卫生间的花洒出水量大，洗澡很痛快。最主要是的是房间一点异味没有，不像有的宾馆有那么潮气味。所以休息很安心。服务质量还不错，不过最后一次在入住时前台小姐有点冷淡没有一点暖色，我看墙上挂着“中央机关指定接待宾馆”但是你毕竟是一个服务行业，我们老百姓入住也该微笑服务不是。,第三次 入住 中 船 宾馆 了 ， 这里 几乎 成 了 自己 去京 的 定点 住宿地 。 房间 布置 朴实 干净 ， 卫生间 虽然 不 大 ， 但是 也 很 清洁 。 很 喜欢 带 木质 扶手 的 楼梯 ， 感觉 走走 去 房间 挺 随意 的 。 最近 一次 入住 ， 窗帘 的 滑道 非常 光滑 ； 卫生间 的 花洒 出水量 大 ， 洗澡 很 痛快 。 最 主要 是 的 是 房间 一点 异味 没有 ， 不像 有 的 宾馆 有 那么 潮 气味 。 所以 休息 很 安心 。 服务质量 还 不错 ， 不过 最后 一次 在 入住 时 前台 小姐 有点 冷淡 没有 一点 暖色 ， 我 看 墙上 挂 着 “ 中央 机关 指定 接待 宾馆 ” 但是 你 毕竟 是 一个 服务行业 ， 我们 老百姓 入住 也 该 微笑服务 不是 。,0
1158,1,"这一台我就随便了,把整个硬盘的隐藏分区统统弄掉,重新分区,把前一个系统复制过来一切ok.没一点问题","这 一台 我 就 随便 了 , 把 整个 硬盘 的 隐藏 分区 统统 弄掉 , 重新 分区 , 把 前 一个 系统 复制 过来 一切 ok . 没 一点 问题",0
1166,1,4999入的，打游戏基本上xb360或台式机上，所以有没有独显影响不大。,4999 入 的 ， 打游戏 基本上 xb360 或 台式机 上 ， 所以 有没有 独显 影响 不 大 。,0
1167,1,我本来一直很喜欢的，可是这次有几个问题想说说：一是酒店门口的服务生太冷漠，形同虚设，我到酒店那天早上下雨，东西很多，打车去的时候他们居然站在那里一动不动，连伸手拉一下车门都没有。如果想要小费我想你做了别人肯定会给你。建议改进，至少可以帮客人拿一下东西吧。二是酒店前台通知不及时，我那天入住的时候说是住两晚上，可是前台服务员只要我压了500元的押金，后来没有通知我，第二天我回酒店就发现门打不开了，打电话问了才告诉我说是押金不够，显然服务一点都不人性化，希望能改进。 另外，酒店的行李寄存服务很好，环境也很好，总的来说都很理想，就是希望能改进上面两个问题，做的更好，那样客人会更加喜欢你们宾馆。 期待你们的改进和回复。 宾馆反馈 2008年6月17日 ： 尊敬的携程会员：感谢您们对我们宾馆一直的关注和支持！针对您所反映的问题，我们管理层非常的重视。立即由相关部门结合实际展开调查和核实，同时借鉴您的合理化建议并采取一些有效的整改。从而对您的善意的提醒再次表示感谢！同时也十分感谢携程网提供了这样一个好的平台，希望诸位会员空闲之时多多给我们宾馆提出建议和评价。我们将以真诚的服务态度欢迎诸位的光临！,我 本来 一直 很 喜欢 的 ， 可是 这次 有 几个 问题 想 说 说 ： 一是 酒店 门口 的 服务生 太 冷漠 ， 形同虚设 ， 我 到 酒店 那天 早上 下雨 ， 东西 很多 ， 打车 去 的 时候 他们 居然 站 在 那里 一动不动 ， 连 伸手 拉 一下 车门 都 没有 。 如果 想要 小费 我 想 你 做 了 别人 肯定 会 给 你 。 建议 改进 ， 至少 可以 帮 客人 拿 一下 东西 吧 。 二是 酒店 前台 通知 不 及时 ， 我 那天 入住 的 时候 说 是 住 两 晚上 ， 可是 前台 服务员 只要 我压 了 500 元 的 押金 ， 后来 没有 通知 我 ， 第二天 我 回 酒店 就 发现 门 打不开 了 ， 打电话 问 了 才 告诉 我 说 是 押金 不够 ， 显然 服务 一点 都 不 人性化 ， 希望 能 改进 。   另外 ， 酒店 的 行李 寄存 服务 很 好 ， 环境 也 很 好 ， 总的来说 都 很 理想 ， 就是 希望 能 改进 上面 两个 问题 ， 做 的 更好 ， 那样 客人 会 更加 喜欢 你们 宾馆 。   期待 你们 的 改进 和 回复 。   宾馆 反馈   2008 年 6 月 17 日   ：   尊敬 的 携程 会员 ： 感谢您 们 对 我们 宾馆 一直 的 关注 和 支持 ！ 针对 您 所 反映 的 问题 ， 我们 管理层 非常 的 重视 。 立即 由 相关 部门 结合实际 展开 调查 和 核实 ， 同时 借鉴 您 的 合理化 建议 并 采取 一些 有效 的 整改 。 从而 对 您 的 善意 的 提醒 再次 表示感谢 ！ 同时 也 十分 感谢 携程网 提供 了 这样 一个 好 的 平台 ， 希望 诸位 会员 空闲 之 时 多多 给 我们 宾馆 提出 建议 和 评价 。 我们 将 以 真诚 的 服务态度 欢迎 诸位 的 光临 ！,0
1189,0,3999的时候抢购的 运气真好 这个价格还有什么号说的 品牌和价格都很不错,3999 的 时候 抢购 的   运气 真 好   这个 价格 还有 什么 号 说 的   品牌 和 价格 都 很 不错,1
1190,1,我这个人似乎有个习惯，一个故事要是分成两本书，那就从第二本开始看，要是分成更多，就选中间一本看。牛猫这本书，刚开始看的也是第二本，就觉得那只猫怎么和我养的这么像，等到全看完一本书，就发现简直就是我的猫嘛，看来这种猫，大多有个共性。品种一样嘛。作者的胖猫非常搞笑，也能让人在阅读轻松的同时感悟到人生许多真谛。多说无益，还是建议大家来看看，尤其是家中有毛球的。,我 这个 人 似乎 有个 习惯 ， 一个 故事 要是 分成 两本书 ， 那 就 从 第二本 开始 看 ， 要是 分成 更 多 ， 就 选 中间 一本 看 。 牛猫 这 本书 ， 刚 开始 看 的 也 是 第二本 ， 就 觉得 那 只 猫 怎么 和 我养 的 这么 像 ， 等到 全看 完一 本书 ， 就 发现 简直 就是 我 的 猫 嘛 ， 看来 这种 猫 ， 大多 有个 共性 。 品种 一样 嘛 。 作者 的 胖猫 非常 搞笑 ， 也 能 让 人 在 阅读 轻松 的 同时 感悟到 人生 许多 真谛 。 多说无益 ， 还是 建议 大家 来 看看 ， 尤其 是 家中 有 毛球 的 。,0
1195,0,从我下单到拿到手等了足足10天！而且每天打不下10个电话！不过客服的服务态度还不错,从 我 下单 到 拿到 手 等 了 足足 10 天 ！ 而且 每天 打 不下 10 个 电话 ！ 不过 客服 的 服务态度 还 不错,1
